"cyfluthrin_sediment","esfenvalerate_sediment","fipronil_desulfinyl_sediment","fipronil_sulfide_sediment","fipronil_sulfone_sediment","oxygen_sediment","ph_sediment","salinity_sediment","temperature_sediment","chlorpyrifos_sediment","diazinon_sediment","malathion_sediment","fipronil_sediment","fipronil_amide_sediment","fipronil_desulfinyl_amide_sediment","electricalconductivity_sediment","atrazine_sediment","diazoxon_sediment","Season01","Month","Seasonr","PercHighIntens","PercAgri","Region"
"0","0","0","0.00165","0.0042","*","*","*","*","*","*","*","*","*","*","*","*","*","wet","2","wet","0.214775911539171","1.72695653424549","Suisun"
"*","*","*","*","*","4","8.37","20.16","23.8","*","*","*","*","*","*","*","*","*","wet","2","wet","0.214775911539171","1.72695653424549","Suisun"
"*","*","*","*","*","5.93","7.76","20.92","23.8","*","*","*","*","*","*","*","*","*","wet","2","wet","0.214775911539171","1.72695653424549","Suisun"
"0","0","0.0106","0.00579","0.00645","*","*","*","*","*","*","*","*","*","*","*","*","*","wet","2","wet","0.214775911539171","1.72695653424549","Suisun"
"*","*","*","*","*","6.42","7.92","20.72","23.8","*","*","*","*","*","*","*","*","*","wet","2","wet","0.214775911539171","1.72695653424549","Suisun"
"0","0","0.0239","0.0117","0.00537","*","*","*","*","*","*","*","*","*","*","*","*","*","wet","2","wet","0.214775911539171","1.72695653424549","Suisun"
"*","*","*","*","*","6.48","8.37","21.47","23.8","*","*","*","*","*","*","*","*","*","wet","2","wet","0.214775911539171","1.72695653424549","Suisun"
"0","0.483","0.0401","0.0111","0.0813","*","*","*","*","*","*","*","*","*","*","*","*","*","wet","2","wet","0.214775911539171","1.72695653424549","Suisun"
"0","0","0.0223","0.0124","0.0104","*","*","*","*","*","*","*","*","*","*","*","*","*","wet","2","wet","0.214775911539171","1.72695653424549","Suisun"
"*","*","*","*","*","5.4","7.81","20","23.8","*","*","*","*","*","*","*","*","*","wet","2","wet","0.214775911539171","1.72695653424549","Suisun"
"*","*","*","*","*","4.48","8.38","21.52","15","*","*","*","*","*","*","*","*","*","wet","2","wet","3.75003178987771","23.6553859878044","Confluence"
"0","0","0","*","0.00855","*","*","*","*","*","*","*","*","*","*","*","*","*","wet","2","wet","3.75003178987771","23.6553859878044","Confluence"
"*","*","*","*","*","7.51","7.88","22.2","23.8","*","*","*","*","*","*","*","*","*","wet","2","wet","3.75003178987771","23.6553859878044","Confluence"
"*","*","*","*","*","8","8.31","*","23.2","*","*","*","*","*","*","*","*","*","wet","3","wet","1.04929649883043","77.0399624764664","Central"
"*","*","*","*","*","8.7","8.41","*","22.9","*","*","*","*","*","*","*","*","*","wet","3","wet","1.04929649883043","77.0399624764664","Central"
"*","*","*","*","*","7.2","8.55","*","22.9","*","*","*","*","*","*","*","*","*","wet","3","wet","2.91281818727451","74.5294129415609","South"
"0","10.7","*","*","*","*","*","*","*","0","0","0","*","*","*","*","*","*","wet","4","wet","0.509673493826951","70.7488624766374","North"
"0","5.9","*","*","*","*","*","*","*","0","0","0","*","*","*","*","*","*","wet","5","dry","0.509673493826951","70.7488624766374","North"
"16.4","0","*","*","*","*","*","*","*","0","0","0","*","*","*","*","*","*","dry","6","dry","3.75003178987771","23.6553859878044","Confluence"
"*","*","*","*","*","7.53","7.72","*","22.9","*","*","*","*","*","*","*","*","*","dry","6","dry","3.75003178987771","23.6553859878044","Confluence"
"*","*","*","*","*","6.15","7.86","*","22.5","*","*","*","*","*","*","*","*","*","dry","7","dry","3.75003178987771","23.6553859878044","Confluence"
"2.8","0","*","*","*","*","*","*","*","0","0","0","*","*","*","*","*","*","dry","7","dry","3.75003178987771","23.6553859878044","Confluence"
"0","0","*","*","*","*","*","*","*","0","0","0","*","*","*","*","*","*","dry","7","dry","0.509673493826951","70.7488624766374","North"
"*","*","*","*","*","6.95","7.54","*","22.9","*","*","*","*","*","*","*","*","*","dry","8","dry","1.23730453849032","75.7775088363965","Sacramento"
"0","0","*","*","*","*","*","*","*","0","0","0","*","*","*","*","*","*","dry","8","dry","1.23730453849032","75.7775088363965","Sacramento"
"*","*","*","*","*","6.39","7.54","*","23.8","*","*","*","*","*","*","*","*","*","dry","9","dry","1.04929649883043","77.0399624764664","Central"
"0","1.26","*","*","*","*","*","*","*","0","0","0","*","*","*","*","*","*","dry","9","dry","1.04929649883043","77.0399624764664","Central"
"*","*","*","*","*","7.3","8.62","*","22.6","*","*","*","*","*","*","*","*","*","dry","9","dry","1.04929649883043","77.0399624764664","Central"
"*","*","*","*","*","8.4","8.46","*","23.6","*","*","*","*","*","*","*","*","*","dry","9","dry","1.04929649883043","77.0399624764664","Central"
"0","51.3","*","*","*","*","*","*","*","0","*","*","*","*","*","*","*","*","dry","9","dry","1.04929649883043","77.0399624764664","Central"
"*","*","*","*","*","7.4","8.22","*","22.8","*","*","*","*","*","*","*","*","*","dry","9","dry","1.04929649883043","77.0399624764664","Central"
"0","0","*","*","*","*","*","*","*","4.6","*","*","*","*","*","*","*","*","dry","9","dry","1.04929649883043","77.0399624764664","Central"
"*","*","*","*","*","8.7","8.06","*","23.1","*","*","*","*","*","*","*","*","*","dry","9","dry","1.04929649883043","77.0399624764664","Central"
"*","*","*","*","*","8.4","8.43","*","22.9","*","*","*","*","*","*","*","*","*","dry","9","dry","2.91281818727451","74.5294129415609","South"
"0","0","*","*","*","*","*","*","*","0","*","*","*","*","*","*","*","*","dry","9","dry","2.91281818727451","74.5294129415609","South"
"0","0","*","*","*","*","*","*","*","0","0","0","*","*","*","*","*","*","dry","9","dry","0.509673493826951","70.7488624766374","North"
"*","*","*","*","*","8.1","8.11","*","22.1","*","*","*","*","*","*","*","*","*","wet","3","wet","1.04929649883043","77.0399624764664","Central"
"*","*","*","*","*","7","8.13","*","23.8","*","*","*","*","*","*","*","*","*","wet","3","wet","1.04929649883043","77.0399624764664","Central"
"0","42.3","*","*","*","*","*","*","*","0","*","*","*","*","*","*","*","*","wet","3","wet","1.04929649883043","77.0399624764664","Central"
"0","0","*","*","*","*","*","*","*","0.63","*","*","*","*","*","*","*","*","wet","3","wet","1.04929649883043","77.0399624764664","Central"
"*","*","*","*","*","7.7","7.95","*","23.8","*","*","*","*","*","*","*","*","*","wet","3","wet","1.04929649883043","77.0399624764664","Central"
"*","*","*","*","*","8.9","8.02","*","23.2","*","*","*","*","*","*","*","*","*","wet","3","wet","1.04929649883043","77.0399624764664","Central"
"1.3","0","*","*","*","7","8.13","*","23.8","0","*","*","*","*","*","*","*","*","wet","3","wet","3.75003178987771","23.6553859878044","Confluence"
"*","*","*","*","*","7.6","7.71","*","*","*","*","*","*","*","*","*","*","*","dry","4","dry","0.509673493826951","70.7488624766374","North"
"*","*","*","*","*","5.8","7.52","*","*","*","*","*","*","*","*","*","*","*","dry","4","dry","0.509673493826951","70.7488624766374","North"
"0","0.52","*","*","*","*","*","*","*","0.54","0","*","*","*","*","*","*","*","dry","4","dry","0.509673493826951","70.7488624766374","North"
"*","*","*","*","*","7.2","7.53","*","*","*","*","*","*","*","*","*","*","*","wet","4","dry","1.23730453849032","75.7775088363965","Sacramento"
"0","0.4","*","*","*","*","*","*","*","*","*","*","*","*","*","*","*","*","dry","6","dry","0.509673493826951","70.7488624766374","North"
"6.16","0","*","*","*","*","*","*","*","0","0","0","*","*","*","*","*","*","dry","7","wet","3.75003178987771","23.6553859878044","Confluence"
"*","*","*","*","*","7.88","7.81","*","14.7","*","*","*","*","*","*","*","*","*","dry","7","wet","3.75003178987771","23.6553859878044","Confluence"
"0","0","*","*","*","*","*","*","*","0","0","0","*","*","*","*","*","*","dry","7","dry","3.75003178987771","23.6553859878044","Confluence"
"*","*","*","*","*","8.92","8.14","*","14.9","*","*","*","*","*","*","*","*","*","dry","7","dry","3.75003178987771","23.6553859878044","Confluence"
"*","*","*","*","*","9.61","7.94","*","14.9","*","*","*","*","*","*","*","*","*","dry","7","dry","3.75003178987771","23.6553859878044","Confluence"
"0","0","*","*","*","*","*","*","*","0","0","0","*","*","*","*","*","*","dry","7","dry","3.75003178987771","23.6553859878044","Confluence"
"*","*","*","*","*","6.94","7.85","*","23.5","*","*","*","*","*","*","*","*","*","dry","7","dry","3.75003178987771","23.6553859878044","Confluence"
"0","0","*","*","*","*","*","*","*","0","0","0","*","*","*","*","*","*","dry","7","dry","3.75003178987771","23.6553859878044","Confluence"
"*","*","*","*","*","8.14","8.32","*","22.9","*","*","*","*","*","*","*","*","*","dry","8","dry","0.509673493826951","70.7488624766374","North"
"0","0","*","*","*","*","*","*","*","*","*","*","*","*","*","*","*","*","dry","8","dry","0.509673493826951","70.7488624766374","North"
"*","*","*","*","*","7.97","8.58","*","22.9","*","*","*","*","*","*","*","*","*","dry","8","dry","0.509673493826951","70.7488624766374","North"
"0","0","*","*","*","*","*","*","*","*","*","*","*","*","*","*","*","*","dry","8","dry","0.509673493826951","70.7488624766374","North"
"*","*","*","*","*","7.4","7.56","*","*","*","*","*","*","*","*","*","*","*","dry","8","dry","0.509673493826951","70.7488624766374","North"
"*","*","*","*","*","8.3","7.86","*","*","*","*","*","*","*","*","*","*","*","dry","8","dry","0.509673493826951","70.7488624766374","North"
"0","1.9","*","*","*","*","*","*","*","*","*","*","*","*","*","*","*","*","dry","8","dry","0.509673493826951","70.7488624766374","North"
"*","*","*","*","*","5.76","8.26","*","22.9","*","*","*","*","*","*","*","*","*","dry","8","dry","0.509673493826951","70.7488624766374","North"
"0","0","*","*","*","*","*","*","*","*","*","*","*","*","*","*","*","*","dry","8","dry","0.509673493826951","70.7488624766374","North"
"*","*","*","*","*","8.25","8.16","*","22.9","*","*","*","*","*","*","*","*","*","dry","8","dry","0.509673493826951","70.7488624766374","North"
"0","0","*","*","*","*","*","*","*","*","*","*","*","*","*","*","*","*","dry","8","dry","0.509673493826951","70.7488624766374","North"
"*","*","*","*","*","7.3","7.41","*","*","*","*","*","*","*","*","*","*","*","dry","8","dry","1.23730453849032","75.7775088363965","Sacramento"
"*","*","*","*","*","6.04","7.53","*","22","*","*","*","*","*","*","*","*","*","dry","8","dry","1.04929649883043","77.0399624764664","Central"
"0","0","*","*","*","*","*","*","*","0","0","0","*","*","*","*","*","*","dry","8","dry","1.04929649883043","77.0399624764664","Central"
"*","*","*","*","*","8.39","7.92","*","22","*","*","*","*","*","*","*","*","*","dry","8","dry","1.23730453849032","75.7775088363965","Sacramento"
"0","0","*","*","*","*","*","*","*","0","0","0","*","*","*","*","*","*","dry","8","dry","1.23730453849032","75.7775088363965","Sacramento"
"0","0","0","0","0.0081","*","*","*","*","*","*","*","0","*","*","*","*","*","dry","8","dry","0.214775911539171","1.72695653424549","Suisun"
"*","*","*","*","*","8.63","7.96","20.8","14.1","*","*","*","*","*","*","*","*","*","dry","8","dry","0.214775911539171","1.72695653424549","Suisun"
"*","*","0.0088","0","0.0086","*","*","*","*","*","*","*","0","*","*","*","*","*","dry","8","dry","0.214775911539171","1.72695653424549","Suisun"
"*","*","0.0148","0","*","*","*","*","*","*","*","*","0","*","*","*","*","*","dry","8","dry","0.214775911539171","1.72695653424549","Suisun"
"*","*","*","*","*","8.72","7.87","20.2","14.1","*","*","*","*","*","*","*","*","*","dry","8","dry","0.214775911539171","1.72695653424549","Suisun"
"0","0","0.0228","0","*","*","*","*","*","*","*","*","0","*","*","*","*","*","dry","8","dry","0.214775911539171","1.72695653424549","Suisun"
"*","*","*","*","*","7.99","7.94","*","22.9","*","*","*","*","*","*","*","*","*","dry","8","dry","3.75003178987771","23.6553859878044","Confluence"
"0","0","0","0","0","*","*","*","*","*","*","*","0","*","*","*","*","*","dry","8","dry","3.75003178987771","23.6553859878044","Confluence"
"*","*","*","*","*","7.78","8.09","*","22.5","*","*","*","*","*","*","*","*","*","dry","8","dry","3.75003178987771","23.6553859878044","Confluence"
"*","*","*","*","*","8.66","7.86","21.4","14.1","*","*","*","*","*","*","*","*","*","dry","8","dry","0.214775911539171","1.72695653424549","Suisun"
"0","0","0","0","0","*","*","*","*","*","*","*","0","*","*","*","*","*","dry","8","dry","0.214775911539171","1.72695653424549","Suisun"
"0","0","0.0173","0.0092","0.0199","*","*","*","*","*","*","*","0","*","*","*","*","*","dry","8","dry","0.214775911539171","1.72695653424549","Suisun"
"*","*","*","*","*","8.71","7.47","20.5","14.1","*","*","*","*","*","*","*","*","*","dry","8","dry","0.214775911539171","1.72695653424549","Suisun"
"*","*","*","*","*","8.63","7.81","21.96","14.1","*","*","*","*","*","*","*","*","*","dry","8","dry","0.214775911539171","1.72695653424549","Suisun"
"*","*","0.0165","0","*","*","*","*","*","*","*","*","0","*","*","*","*","*","dry","8","dry","0.214775911539171","1.72695653424549","Suisun"
"0","0","0","0","0","*","*","*","*","*","*","*","0.0128","*","*","*","*","*","dry","8","dry","0.214775911539171","1.72695653424549","Suisun"
"*","*","0.0133","0.0095","0.0184","*","*","*","*","*","*","*","0","*","*","*","*","*","dry","8","dry","0.214775911539171","1.72695653424549","Suisun"
"0","0","*","*","*","*","*","*","*","*","*","*","*","*","*","*","*","*","dry","9","dry","0.509673493826951","70.7488624766374","North"
"*","*","*","*","*","5.45","8.04","*","22.1","*","*","*","*","*","*","*","*","*","dry","9","dry","0.509673493826951","70.7488624766374","North"
"*","*","*","*","*","6.87","7.95","*","22.6","*","*","*","*","*","*","*","*","*","dry","9","dry","0.509673493826951","70.7488624766374","North"
"0","0","*","*","*","*","*","*","*","*","*","*","*","*","*","*","*","*","dry","9","dry","0.509673493826951","70.7488624766374","North"
"0","0","*","*","*","*","*","*","*","*","*","*","*","*","*","*","*","*","wet","10","wet","0.509673493826951","70.7488624766374","North"
"*","*","*","*","*","6.46","7.84","*","22.1","*","*","*","*","*","*","*","*","*","wet","10","wet","0.509673493826951","70.7488624766374","North"
"*","*","*","*","*","7.1","7.91","*","22.1","*","*","*","*","*","*","*","*","*","wet","10","wet","0.509673493826951","70.7488624766374","North"
"0","0","*","*","*","*","*","*","*","*","*","*","*","*","*","*","*","*","wet","10","wet","0.509673493826951","70.7488624766374","North"
"*","*","*","*","*","8","8.56","*","22","*","*","*","*","*","*","*","*","*","wet","10","wet","1.04929649883043","77.0399624764664","Central"
"*","*","*","*","*","8","8.68","*","22.5","*","*","*","*","*","*","*","*","*","wet","10","wet","1.04929649883043","77.0399624764664","Central"
"0","16.8","*","*","*","*","*","*","*","0","*","*","*","*","*","*","*","*","wet","10","wet","1.04929649883043","77.0399624764664","Central"
"0.81","7.5","*","*","*","*","*","*","*","0.97","*","*","*","*","*","*","*","*","wet","10","wet","1.04929649883043","77.0399624764664","Central"
"*","*","*","*","*","8.7","8.54","*","22.4","*","*","*","*","*","*","*","*","*","wet","10","wet","1.04929649883043","77.0399624764664","Central"
"*","*","*","*","*","8","8.13","*","22.5","*","*","*","*","*","*","*","*","*","wet","10","wet","1.04929649883043","77.0399624764664","Central"
"*","*","*","*","*","7.9","8.17","*","22.4","*","*","*","*","*","*","*","*","*","wet","10","wet","1.04929649883043","77.0399624764664","Central"
"0","0","*","*","*","8.5","8.7","*","22","0","*","*","*","*","*","*","*","*","wet","10","wet","3.75003178987771","23.6553859878044","Confluence"
"0","0","*","*","*","*","*","*","*","*","*","*","*","*","*","*","*","*","dry","10","wet","0.509673493826951","70.7488624766374","North"
"0","0","*","*","*","*","*","*","*","0","0","0","*","*","*","*","*","*","dry","10","dry","3.75003178987771","23.6553859878044","Confluence"
"*","*","*","*","*","5.69","7.96","*","21.4","*","*","*","*","*","*","*","*","*","dry","10","dry","3.75003178987771","23.6553859878044","Confluence"
"*","*","*","*","*","7.23","7.86","*","21.4","*","*","*","*","*","*","*","*","*","dry","10","dry","3.75003178987771","23.6553859878044","Confluence"
"2.71","0","*","*","*","*","*","*","*","0","0","0","*","*","*","*","*","*","dry","10","dry","3.75003178987771","23.6553859878044","Confluence"
"*","*","*","*","*","5.53","7.89","*","22.2","*","*","*","*","*","*","*","*","*","dry","10","dry","3.75003178987771","23.6553859878044","Confluence"
"16.1","0","*","*","*","*","*","*","*","0","0","0","*","*","*","*","*","*","dry","10","dry","3.75003178987771","23.6553859878044","Confluence"
"8.99","0","*","*","*","*","*","*","*","0","0","0","*","*","*","*","*","*","dry","1","dry","3.75003178987771","23.6553859878044","Confluence"
"*","*","*","*","*","8.5","7.72","*","15.9","*","*","*","*","*","*","*","*","*","dry","1","dry","3.75003178987771","23.6553859878044","Confluence"
"*","*","*","*","*","8.91","8.33","*","15.9","*","*","*","*","*","*","*","*","*","dry","1","dry","3.75003178987771","23.6553859878044","Confluence"
"0","0","*","*","*","*","*","*","*","0","0","0","*","*","*","*","*","*","dry","1","dry","3.75003178987771","23.6553859878044","Confluence"
"*","*","*","*","*","6.64","8.33","*","22.2","*","*","*","*","*","*","*","*","*","dry","1","dry","3.75003178987771","23.6553859878044","Confluence"
"38.7","1.7","*","*","*","*","*","*","*","0","0","0","*","*","*","*","*","*","dry","1","dry","3.75003178987771","23.6553859878044","Confluence"
"*","*","*","*","*","7.9","8.19","*","24","*","*","*","*","*","*","*","*","*","wet","3","wet","1.04929649883043","77.0399624764664","Central"
"*","*","*","*","*","8.4","8.34","*","24.7","*","*","*","*","*","*","*","*","*","wet","3","wet","1.04929649883043","77.0399624764664","Central"
"*","*","*","*","*","8.4","8.17","*","22.4","*","*","*","*","*","*","*","*","*","wet","3","wet","1.04929649883043","77.0399624764664","Central"
"*","*","*","*","*","7.2","7.46","*","22.7","*","*","*","*","*","*","*","*","*","wet","3","wet","1.04929649883043","77.0399624764664","Central"
"*","*","*","*","*","8.4","8.21","*","24","*","*","*","*","*","*","*","*","*","wet","3","wet","1.04929649883043","77.0399624764664","Central"
"4.7","0","*","*","*","8.2","8.39","*","24","0","*","*","*","*","*","*","*","*","wet","3","wet","3.75003178987771","23.6553859878044","Confluence"
"*","*","*","*","*","8.6","8.19","*","24","*","*","*","*","*","*","*","*","*","wet","3","wet","2.91281818727451","74.5294129415609","South"
"*","*","*","*","*","8.1","7.83","*","*","*","*","*","*","*","*","*","*","*","wet","4","wet","0.509673493826951","70.7488624766374","North"
"0","0","*","*","*","*","*","*","*","0","0","*","*","*","*","*","*","*","wet","4","wet","0.509673493826951","70.7488624766374","North"
"*","*","*","*","*","7.9","7.98","*","*","*","*","*","*","*","*","*","*","*","wet","4","wet","0.509673493826951","70.7488624766374","North"
"0","0","0","0","0.125","*","*","*","*","*","*","*","0","*","*","*","*","*","dry","4","wet","0.214775911539171","1.72695653424549","Suisun"
"*","*","*","*","*","8.63","7.84","20.5","15.4","*","*","*","*","*","*","*","*","*","dry","4","wet","0.214775911539171","1.72695653424549","Suisun"
"*","*","*","*","*","8.99","7.8","20.74","15","*","*","*","*","*","*","*","*","*","dry","4","wet","0.214775911539171","1.72695653424549","Suisun"
"0","0","0","0","0.0491","*","*","*","*","*","*","*","0","*","*","*","*","*","dry","4","wet","0.214775911539171","1.72695653424549","Suisun"
"*","*","*","*","*","8.74","7.81","18.7","15","*","*","*","*","*","*","*","*","*","dry","4","wet","0.214775911539171","1.72695653424549","Suisun"
"0","0","0","0","0.0546","*","*","*","*","*","*","*","0","*","*","*","*","*","dry","4","wet","0.214775911539171","1.72695653424549","Suisun"
"*","*","*","*","*","8.61","7.81","19.54","15.4","*","*","*","*","*","*","*","*","*","dry","4","wet","0.214775911539171","1.72695653424549","Suisun"
"0","0","0","0","0.0881","*","*","*","*","*","*","*","0","*","*","*","*","*","dry","4","wet","0.214775911539171","1.72695653424549","Suisun"
"*","*","*","*","*","8.63","7.73","20.63","15.4","*","*","*","*","*","*","*","*","*","dry","4","wet","0.214775911539171","1.72695653424549","Suisun"
"0","0","0.0455","0.0114","0","*","*","*","*","*","*","*","0.0187","*","*","*","*","*","dry","4","wet","0.214775911539171","1.72695653424549","Suisun"
"*","*","*","*","*","7.45","7.56","*","23.1","*","*","*","*","*","*","*","*","*","dry","4","wet","3.75003178987771","23.6553859878044","Confluence"
"0","0","0","0","0.0095","*","*","*","*","*","*","*","0","*","*","*","*","*","dry","4","wet","3.75003178987771","23.6553859878044","Confluence"
"*","*","*","*","*","5.52","7.96","*","23.1","*","*","*","*","*","*","*","*","*","dry","4","wet","3.75003178987771","23.6553859878044","Confluence"
"*","*","*","*","*","5.41","7.87","*","22.8","*","*","*","*","*","*","*","*","*","wet","6","wet","3.75003178987771","23.6553859878044","Confluence"
"27.2","2.13","*","*","*","*","*","*","*","0","0","0","*","*","*","*","*","*","wet","6","wet","3.75003178987771","23.6553859878044","Confluence"
"0","0","*","*","*","*","*","*","*","0","0","0","*","*","*","*","*","*","wet","6","wet","3.75003178987771","23.6553859878044","Confluence"
"*","*","*","*","*","6.15","7.41","*","15","*","*","*","*","*","*","*","*","*","wet","6","wet","3.75003178987771","23.6553859878044","Confluence"
"0","0","*","*","*","*","*","*","*","*","*","*","*","*","*","*","*","*","dry","7","dry","3.75003178987771","23.6553859878044","Confluence"
"*","*","*","*","*","8","8","*","23","*","*","*","*","*","*","*","*","*","dry","7","dry","3.75003178987771","23.6553859878044","Confluence"
"0","21","*","*","*","*","*","*","*","0","0","*","*","*","*","*","*","*","dry","8","dry","0.509673493826951","70.7488624766374","North"
"*","*","*","*","*","6.3","7.68","*","*","*","*","*","*","*","*","*","*","*","dry","8","dry","0.509673493826951","70.7488624766374","North"
"*","*","*","*","*","6.05","7.92","*","22.5","*","*","*","*","*","*","*","*","*","dry","8","dry","1.23730453849032","75.7775088363965","Sacramento"
"0","0","*","*","*","*","*","*","*","0","0","0","*","*","*","*","*","*","dry","8","dry","1.23730453849032","75.7775088363965","Sacramento"
"*","*","*","*","*","6.43","7.43","*","22.8","*","*","*","*","*","*","*","*","*","dry","9","dry","1.04929649883043","77.0399624764664","Central"
"0","0","*","*","*","*","*","*","*","0","0","0","*","*","*","*","*","*","dry","9","dry","1.04929649883043","77.0399624764664","Central"
"*","*","*","*","*","8.4","7.92","*","23.5","*","*","*","*","*","*","*","*","*","dry","9","dry","1.04929649883043","77.0399624764664","Central"
"*","*","*","*","*","8.4","8","*","23.2","*","*","*","*","*","*","*","*","*","dry","9","dry","1.04929649883043","77.0399624764664","Central"
"0","33","*","*","*","*","*","*","*","3.2","*","*","*","*","*","*","*","*","dry","9","dry","1.04929649883043","77.0399624764664","Central"
"*","*","*","*","*","8.7","8.23","*","23.3","*","*","*","*","*","*","*","*","*","dry","9","dry","1.04929649883043","77.0399624764664","Central"
"*","*","*","*","*","8.7","8.09","*","23.1","*","*","*","*","*","*","*","*","*","dry","9","dry","1.04929649883043","77.0399624764664","Central"
"*","*","*","*","*","8.1","8.27","*","23.2","*","*","*","*","*","*","*","*","*","dry","9","dry","1.04929649883043","77.0399624764664","Central"
"*","*","*","*","*","6.5","8.52","*","23.3","*","*","*","*","*","*","*","*","*","dry","9","dry","3.75003178987771","23.6553859878044","Confluence"
"*","*","*","*","*","8","8.21","*","23.1","*","*","*","*","*","*","*","*","*","dry","9","dry","2.91281818727451","74.5294129415609","South"
"0","0","*","*","*","*","*","*","*","0.99","*","*","*","*","*","*","*","*","dry","9","dry","2.91281818727451","74.5294129415609","South"
"*","*","*","*","*","8.2","8.1","*","23.2","*","*","*","*","*","*","*","*","*","dry","3","dry","1.04929649883043","77.0399624764664","Central"
"*","*","*","*","*","7.4","7.98","*","22.8","*","*","*","*","*","*","*","*","*","dry","3","dry","1.04929649883043","77.0399624764664","Central"
"0","24","*","*","*","*","*","*","*","0","*","*","*","*","*","*","*","*","dry","3","dry","1.04929649883043","77.0399624764664","Central"
"*","*","*","*","*","7.9","8.21","*","23.4","*","*","*","*","*","*","*","*","*","dry","3","dry","1.04929649883043","77.0399624764664","Central"
"*","*","*","*","*","8.3","8","*","23.4","*","*","*","*","*","*","*","*","*","dry","3","dry","1.04929649883043","77.0399624764664","Central"
"*","*","*","*","*","7.4","8.38","*","23.2","*","*","*","*","*","*","*","*","*","dry","3","dry","1.04929649883043","77.0399624764664","Central"
"*","*","*","*","*","8.2","8.26","*","22.8","*","*","*","*","*","*","*","*","*","dry","3","dry","1.04929649883043","77.0399624764664","Central"
"*","*","*","*","*","7.9","8.16","*","23.4","*","*","*","*","*","*","*","*","*","dry","3","dry","3.75003178987771","23.6553859878044","Confluence"
"*","*","*","*","*","7.8","8.3","*","23.1","*","*","*","*","*","*","*","*","*","dry","3","dry","2.91281818727451","74.5294129415609","South"
"0","0","*","*","*","*","*","*","*","0","*","*","*","*","*","*","*","*","dry","3","dry","2.91281818727451","74.5294129415609","South"
"0","0.45","*","*","*","*","*","*","*","0","0","*","*","*","*","*","*","*","dry","4","wet","0.509673493826951","70.7488624766374","North"
"*","*","*","*","*","6","7.73","*","*","*","*","*","*","*","*","*","*","*","dry","4","wet","0.509673493826951","70.7488624766374","North"
"3.21","0","0","0","0","*","*","*","*","0","0","0","0","0","0","*","*","*","dry","5","dry","3.75003178987771","23.6553859878044","Confluence"
"*","*","*","*","*","2.54","8.02","*","22.2","*","*","*","*","*","*","*","*","*","dry","5","dry","3.75003178987771","23.6553859878044","Confluence"
"*","*","*","*","*","6.6","8.06","*","22.8","*","*","*","*","*","*","*","*","*","wet","6","dry","3.75003178987771","23.6553859878044","Confluence"
"5.37","0","0","0","1.37","*","*","*","*","0","0","0","0","0","0","*","*","*","wet","6","dry","3.75003178987771","23.6553859878044","Confluence"
"*","*","*","*","*","7.9","7.5","*","23.3","*","*","*","*","*","*","*","*","*","dry","7","dry","3.75003178987771","23.6553859878044","Confluence"
"1.4","0","*","*","*","*","*","*","*","*","*","*","*","*","*","*","*","*","dry","7","dry","3.75003178987771","23.6553859878044","Confluence"
"0","0","0","1.41","1.65","*","*","*","*","*","*","*","0","0","0","*","*","*","dry","8","dry","3.75003178987771","23.6553859878044","Confluence"
"*","*","*","*","*","6.99","7.79","*","23.1","*","*","*","*","*","*","*","*","*","dry","8","dry","3.75003178987771","23.6553859878044","Confluence"
"0","0","*","*","*","*","*","*","*","0","0","*","*","*","*","*","*","*","dry","8","dry","0.509673493826951","70.7488624766374","North"
"*","*","*","*","*","8.2","7.83","*","*","*","*","*","*","*","*","*","*","*","dry","8","dry","0.509673493826951","70.7488624766374","North"
"0","0","*","*","*","*","*","*","*","0.44","0","*","*","*","*","*","*","*","dry","8","dry","0.509673493826951","70.7488624766374","North"
"0","0","*","*","*","*","*","*","*","0","0","*","*","*","*","*","*","*","dry","8","dry","0.509673493826951","70.7488624766374","North"
"0","0","*","*","*","*","*","*","*","0","0","*","*","*","*","*","*","*","dry","8","dry","0.509673493826951","70.7488624766374","North"
"*","*","*","*","*","6.8","7.66","*","23","*","*","*","*","*","*","*","*","*","dry","8","dry","1.23730453849032","75.7775088363965","Sacramento"
"0","0","*","*","*","*","*","*","*","0","0","0","*","*","*","*","*","*","dry","8","dry","1.23730453849032","75.7775088363965","Sacramento"
"*","*","*","*","*","7.9","7.82","*","15.2","*","*","*","*","*","*","*","*","*","wet","9","dry","1.04929649883043","77.0399624764664","Central"
"0","0","*","*","*","*","*","*","*","0","0","0","*","*","*","*","*","*","wet","9","dry","1.04929649883043","77.0399624764664","Central"
"*","*","*","*","*","8.1","8.42","*","22","*","*","*","*","*","*","*","*","*","dry","9","dry","1.04929649883043","77.0399624764664","Central"
"*","*","*","*","*","8.4","8.61","*","22.8","*","*","*","*","*","*","*","*","*","dry","9","dry","1.04929649883043","77.0399624764664","Central"
"*","*","*","*","*","8.1","8.23","*","22.5","*","*","*","*","*","*","*","*","*","dry","9","dry","1.04929649883043","77.0399624764664","Central"
"*","*","*","*","*","7.9","7.65","*","23.2","*","*","*","*","*","*","*","*","*","dry","9","dry","1.04929649883043","77.0399624764664","Central"
"*","*","*","*","*","7.9","7.65","*","22","*","*","*","*","*","*","*","*","*","dry","9","dry","1.04929649883043","77.0399624764664","Central"
"*","*","*","*","*","8.3","8.5","*","22.3","*","*","*","*","*","*","*","*","*","dry","9","dry","1.04929649883043","77.0399624764664","Central"
"0","0","*","*","*","*","*","*","*","2.8","*","*","*","*","*","*","*","*","dry","9","dry","1.04929649883043","77.0399624764664","Central"
"*","*","*","*","*","8.3","8.53","*","22.6","*","*","*","*","*","*","*","*","*","dry","9","dry","3.75003178987771","23.6553859878044","Confluence"
"*","*","*","*","*","8.1","8.31","*","22","*","*","*","*","*","*","*","*","*","dry","9","dry","2.91281818727451","74.5294129415609","South"
"0","0","0","1.84","1.41","*","*","*","*","*","*","*","0","0","0","*","*","*","dry","10","dry","3.75003178987771","23.6553859878044","Confluence"
"*","*","*","*","*","7.23","8.06","*","23.8","*","*","*","*","*","*","*","*","*","dry","10","dry","3.75003178987771","23.6553859878044","Confluence"
"5.02","0","1.06","1.96","2.52","*","*","*","*","*","*","*","0","0","0","*","*","*","wet","2","wet","3.75003178987771","23.6553859878044","Confluence"
"*","*","*","*","*","2.97","7.95","*","22.7","*","*","*","*","*","*","*","*","*","wet","2","wet","3.75003178987771","23.6553859878044","Confluence"
"*","*","*","*","*","7.9","8.2","*","23.1","*","*","*","*","*","*","*","*","*","wet","3","wet","1.04929649883043","77.0399624764664","Central"
"*","*","*","*","*","8","8.19","*","23","*","*","*","*","*","*","*","*","*","wet","3","wet","1.04929649883043","77.0399624764664","Central"
"*","*","*","*","*","7.3","7.96","*","22.1","*","*","*","*","*","*","*","*","*","wet","3","wet","1.04929649883043","77.0399624764664","Central"
"*","*","*","*","*","8.6","8.34","*","22.1","*","*","*","*","*","*","*","*","*","wet","3","wet","1.04929649883043","77.0399624764664","Central"
"*","*","*","*","*","7.8","8.17","*","22.2","*","*","*","*","*","*","*","*","*","wet","3","wet","1.04929649883043","77.0399624764664","Central"
"*","*","*","*","*","8.3","8.41","*","23","*","*","*","*","*","*","*","*","*","wet","3","wet","1.04929649883043","77.0399624764664","Central"
"*","*","*","*","*","7.8","8.28","*","23.2","*","*","*","*","*","*","*","*","*","wet","3","wet","1.04929649883043","77.0399624764664","Central"
"*","*","*","*","*","8.4","7.95","*","22.6","*","*","*","*","*","*","*","*","*","wet","3","wet","3.75003178987771","23.6553859878044","Confluence"
"*","*","*","*","*","7","8.3","*","22.3","*","*","*","*","*","*","*","*","*","wet","3","wet","2.91281818727451","74.5294129415609","South"
"*","*","*","*","*","6.3","7.58","*","*","*","*","*","*","*","*","*","*","*","dry","4","wet","0.509673493826951","70.7488624766374","North"
"1.4","0","*","*","*","*","*","*","*","0","0","*","*","*","*","*","*","*","dry","4","wet","0.509673493826951","70.7488624766374","North"
"*","*","*","*","*","4.1","7.18","*","*","*","*","*","*","*","*","*","*","*","dry","4","wet","0.509673493826951","70.7488624766374","North"
"0","0","*","*","*","*","*","*","*","0","0","*","*","*","*","*","*","*","dry","4","wet","0.509673493826951","70.7488624766374","North"
"*","*","*","*","*","8","7.82","*","*","*","*","*","*","*","*","*","*","*","dry","4","wet","0.509673493826951","70.7488624766374","North"
"*","*","*","*","*","7","7.28","*","*","*","*","*","*","*","*","*","*","*","dry","4","wet","1.23730453849032","75.7775088363965","Sacramento"
"0","0","*","*","*","*","*","*","*","0","0","*","*","*","*","*","*","*","dry","4","wet","1.23730453849032","75.7775088363965","Sacramento"
"0","0","0","0","1.54","*","*","*","*","*","*","*","0","0","0","*","*","*","dry","5","dry","3.75003178987771","23.6553859878044","Confluence"
"*","*","*","*","*","5.29","7.51","*","23.1","*","*","*","*","*","*","*","*","*","dry","5","dry","3.75003178987771","23.6553859878044","Confluence"
"*","*","*","*","*","4.62","7.82","*","23","*","*","*","*","*","*","*","*","*","dry","6","dry","3.75003178987771","23.6553859878044","Confluence"
"4.19","0","0","0","0","*","*","*","*","*","*","*","0","0","0","*","*","*","dry","6","dry","3.75003178987771","23.6553859878044","Confluence"
"0","0","0","0","1.4","*","*","*","*","*","*","*","0","0","0","*","*","*","dry","8","dry","3.75003178987771","23.6553859878044","Confluence"
"*","*","*","*","*","5.54","7.27","*","23.3","*","*","*","*","*","*","*","*","*","dry","8","dry","3.75003178987771","23.6553859878044","Confluence"
"*","*","0.219","0","0.14","*","*","*","*","*","*","*","0.0146","*","*","*","*","*","wet","8","dry","0.214775911539171","1.72695653424549","Suisun"
"*","*","0.0462","*","0.0229","*","*","*","*","*","*","*","0.0125","*","*","*","*","*","wet","8","dry","0.214775911539171","1.72695653424549","Suisun"
"*","*","0.0332","0","0.0155","*","*","*","*","*","*","*","0.0098","*","*","*","*","*","wet","8","dry","0.214775911539171","1.72695653424549","Suisun"
"*","*","0.0934","0","0.0257","*","*","*","*","*","*","*","0.0502","*","*","*","*","*","wet","8","dry","0.214775911539171","1.72695653424549","Suisun"
"*","*","0.121","0.0301","0.0756","*","*","*","*","*","*","*","0.0427","*","*","*","*","*","wet","8","dry","0.214775911539171","1.72695653424549","Suisun"
"*","*","0.0544","0.0133","0.044","*","*","*","*","*","*","*","0","*","*","*","*","*","wet","8","dry","0.214775911539171","1.72695653424549","Suisun"
"*","*","0.0152","0","0","*","*","*","*","*","*","*","0","*","*","*","*","*","dry","8","dry","3.75003178987771","23.6553859878044","Confluence"
"*","*","*","*","*","6.2","7.56","*","22.9","*","*","*","*","*","*","*","*","*","dry","8","dry","0.509673493826951","70.7488624766374","North"
"*","*","*","*","*","8.1","7.4","*","23.3","*","*","*","*","*","*","*","*","*","dry","8","dry","0.509673493826951","70.7488624766374","North"
"*","*","*","*","*","5.6","7.75","*","23.3","*","*","*","*","*","*","*","*","*","dry","8","dry","0.509673493826951","70.7488624766374","North"
"*","*","*","*","*","5.3","7.61","*","23.3","*","*","*","*","*","*","*","*","*","dry","8","dry","1.23730453849032","75.7775088363965","Sacramento"
"*","*","*","*","*","4.44","7.47","*","22","*","*","*","*","*","*","*","*","*","dry","8","dry","1.04929649883043","77.0399624764664","Central"
"0","0","*","*","*","*","*","*","*","*","*","*","*","*","*","*","*","*","dry","8","dry","1.04929649883043","77.0399624764664","Central"
"*","*","*","*","*","7.3","8.11","*","22.8","*","*","*","*","*","*","*","*","*","dry","9","dry","1.04929649883043","77.0399624764664","Central"
"*","*","*","*","*","8.3","8.03","*","22.8","*","*","*","*","*","*","*","*","*","dry","9","dry","1.04929649883043","77.0399624764664","Central"
"*","*","*","*","*","7.1","8.17","*","22.5","*","*","*","*","*","*","*","*","*","dry","9","dry","1.04929649883043","77.0399624764664","Central"
"*","*","*","*","*","7.6","8.16","*","22.8","*","*","*","*","*","*","*","*","*","dry","9","dry","1.04929649883043","77.0399624764664","Central"
"*","*","*","*","*","8","8.6","*","22.7","*","*","*","*","*","*","*","*","*","dry","9","dry","1.04929649883043","77.0399624764664","Central"
"*","*","*","*","*","7.2","8.19","*","22.5","*","*","*","*","*","*","*","*","*","dry","9","dry","1.04929649883043","77.0399624764664","Central"
"*","*","*","*","*","8","8.56","*","22.4","*","*","*","*","*","*","*","*","*","dry","9","dry","3.75003178987771","23.6553859878044","Confluence"
"*","*","*","*","*","8.3","8.5","*","22.7","*","*","*","*","*","*","*","*","*","dry","9","dry","2.91281818727451","74.5294129415609","South"
"4.7","0","0","1.8","1.94","*","*","*","*","*","*","*","0","0","0","*","*","*","dry","10","dry","3.75003178987771","23.6553859878044","Confluence"
"*","*","*","*","*","6.09","7.26","*","22.8","*","*","*","*","*","*","*","*","*","dry","10","dry","3.75003178987771","23.6553859878044","Confluence"
"0","0","0","1.29","1.85","*","*","*","*","*","*","*","0","0","0","*","*","*","dry","1","dry","3.75003178987771","23.6553859878044","Confluence"
"*","*","*","*","*","5.79","7.83","*","22.1","*","*","*","*","*","*","*","*","*","dry","1","dry","3.75003178987771","23.6553859878044","Confluence"
"*","*","*","*","*","7.5","8.89","*","22.7","*","*","*","*","*","*","*","*","*","wet","3","wet","1.04929649883043","77.0399624764664","Central"
"0","0","*","*","*","*","*","*","*","4.2","*","*","*","*","*","*","*","*","wet","3","wet","1.04929649883043","77.0399624764664","Central"
"*","*","*","*","*","7.7","7.99","*","22.9","*","*","*","*","*","*","*","*","*","wet","3","wet","1.04929649883043","77.0399624764664","Central"
"*","*","*","*","*","8.3","8.05","*","22.6","*","*","*","*","*","*","*","*","*","wet","3","wet","1.04929649883043","77.0399624764664","Central"
"*","*","*","*","*","7.6","8.17","*","22.6","*","*","*","*","*","*","*","*","*","wet","3","wet","1.04929649883043","77.0399624764664","Central"
"*","*","*","*","*","7.9","8.2","*","22.5","*","*","*","*","*","*","*","*","*","wet","3","wet","1.04929649883043","77.0399624764664","Central"
"*","*","*","*","*","8.1","8.24","*","22.7","*","*","*","*","*","*","*","*","*","wet","3","wet","1.04929649883043","77.0399624764664","Central"
"*","*","*","*","*","8.2","8.09","*","22.7","*","*","*","*","*","*","*","*","*","wet","3","wet","1.04929649883043","77.0399624764664","Central"
"*","*","*","*","*","8","8.09","*","22.6","*","*","*","*","*","*","*","*","*","wet","3","wet","1.04929649883043","77.0399624764664","Central"
"*","*","*","*","*","8","8.54","*","22.4","*","*","*","*","*","*","*","*","*","wet","3","dry","3.75003178987771","23.6553859878044","Confluence"
"*","*","*","*","*","7.7","8.57","*","22.7","*","*","*","*","*","*","*","*","*","wet","3","wet","2.91281818727451","74.5294129415609","South"
"*","*","*","*","*","8.4","7.89","*","*","*","*","*","*","*","*","*","*","*","wet","3","wet","0.509673493826951","70.7488624766374","North"
"*","*","*","*","*","8.3","8.26","*","22.1","*","*","*","*","*","*","*","*","*","dry","4","wet","1.04929649883043","77.0399624764664","Central"
"*","*","*","*","*","7.8","8.3","*","22.5","*","*","*","*","*","*","*","*","*","dry","4","wet","1.04929649883043","77.0399624764664","Central"
"*","*","*","*","*","7.7","8.45","*","21.8","*","*","*","*","*","*","*","*","*","dry","4","wet","1.04929649883043","77.0399624764664","Central"
"*","*","*","*","*","7.7","8.2","*","22.4","*","*","*","*","*","*","*","*","*","dry","4","wet","1.04929649883043","77.0399624764664","Central"
"*","*","*","*","*","7.4","7.35","*","*","*","*","*","*","*","*","483","*","*","dry","4","wet","0.509673493826951","70.7488624766374","North"
"*","*","*","*","*","7.8","7.3","*","*","*","*","*","*","*","*","484","*","*","dry","4","wet","0.509673493826951","70.7488624766374","North"
"*","*","*","*","*","4.5","7.5","*","*","*","*","*","*","*","*","439","*","*","dry","4","dry","1.23730453849032","75.7775088363965","Sacramento"
"0","0","0","*","*","*","*","*","*","0","0","0","0","*","0","*","0","*","dry","6","dry","0.509673493826951","70.7488624766374","North"
"0","0","0","*","*","*","*","*","*","0","0","0","0","*","0","*","*","*","dry","6","dry","0.509673493826951","70.7488624766374","North"
"0","0","0","*","*","*","*","*","*","0","0","0","0","*","0","*","0","*","dry","6","dry","0.509673493826951","70.7488624766374","North"
"0","0","0","*","*","*","*","*","*","0","0","0","0","*","0","*","*","*","dry","6","dry","0.509673493826951","70.7488624766374","North"
"0","0","0","*","*","*","*","*","*","0","0","0","0","*","0","*","*","*","dry","6","dry","0.509673493826951","70.7488624766374","North"
"*","*","*","*","*","7.34","7.49","*","24","*","*","*","*","*","*","*","*","*","wet","6","wet","3.75003178987771","23.6553859878044","Confluence"
"4.25","2.1","0","0","0","*","*","*","*","0","0","0","0","0","0","*","*","*","wet","6","wet","3.75003178987771","23.6553859878044","Confluence"
"0","0","0","2.88","3.03","*","*","*","*","0","0","0","0","0","0","*","*","*","wet","6","wet","3.75003178987771","23.6553859878044","Confluence"
"*","*","*","*","*","7.34","7.76","*","23.1","*","*","*","*","*","*","*","*","*","wet","6","wet","3.75003178987771","23.6553859878044","Confluence"
"0","0","0","*","*","*","*","*","*","0","0","0","0","*","0","*","*","*","dry","7","dry","0.509673493826951","70.7488624766374","North"
"0","0","0","*","*","*","*","*","*","0","0","0","0","*","0","*","0","*","dry","7","dry","0.509673493826951","70.7488624766374","North"
"0","0","0","*","*","*","*","*","*","0","0","0","0","*","0","*","0","*","dry","7","dry","0.509673493826951","70.7488624766374","North"
"0","0","0","*","*","*","*","*","*","0","0","0","0","*","0","*","*","*","dry","7","dry","0.509673493826951","70.7488624766374","North"
"0","0","0","*","*","*","*","*","*","0","0","0","0","*","0","*","0","*","dry","7","dry","0.509673493826951","70.7488624766374","North"
"*","*","*","*","*","6.69","7.78","*","22.8","*","*","*","*","*","*","*","*","*","dry","7","dry","1.23730453849032","75.7775088363965","Sacramento"
"0","0","*","*","*","*","*","*","*","0","0","0","*","*","*","*","*","*","dry","7","dry","1.23730453849032","75.7775088363965","Sacramento"
"0","0","0","0","0","*","*","*","*","0","0","0","0","*","0","*","*","0","dry","7","dry","1.04929649883043","77.0399624764664","Central"
"0","0","0","0","0","*","*","*","*","0","0","0","0","*","0","*","0","0","dry","7","dry","1.04929649883043","77.0399624764664","Central"
"0","0","0","0","0","*","*","*","*","0","0","0","0","*","0","*","0","0","dry","7","dry","0.509673493826951","70.7488624766374","North"
"0","0","0","*","*","*","*","*","*","0","0","0","0","*","0","*","*","*","dry","7","dry","0.509673493826951","70.7488624766374","North"
"0","0","0","0","0","*","*","*","*","0","0","0","0","*","0","*","*","0","dry","7","dry","1.23730453849032","75.7775088363965","Sacramento"
"0","0","0","*","*","*","*","*","*","0","0","0","0","*","0","*","*","*","dry","8","dry","0.509673493826951","70.7488624766374","North"
"0","0","0","*","*","*","*","*","*","0","0","0","0","*","0","*","*","*","dry","8","dry","0.509673493826951","70.7488624766374","North"
"0","0","0","*","*","*","*","*","*","0","0","0","0","*","0","*","0","*","dry","8","dry","0.509673493826951","70.7488624766374","North"
"0","0","0","*","*","*","*","*","*","0","0","0","0","*","0","*","0","*","dry","8","dry","0.509673493826951","70.7488624766374","North"
"0","0","0","*","*","*","*","*","*","0","0","0","0","*","0","*","*","*","dry","8","dry","0.509673493826951","70.7488624766374","North"
"0","0","0","0","0","*","*","*","*","0","0","0","0","*","0","*","0","0","dry","8","dry","1.04929649883043","77.0399624764664","Central"
"0","0","0","0","0","*","*","*","*","0","0","0","0","*","0","*","*","0","dry","8","dry","1.04929649883043","77.0399624764664","Central"
"*","*","*","*","*","7.2","7.55","*","*","*","*","*","*","*","*","*","*","*","dry","8","dry","0.509673493826951","70.7488624766374","North"
"0","0","0","0","0","*","*","*","*","0","0","0","0","*","0","*","*","0","dry","8","dry","0.509673493826951","70.7488624766374","North"
"*","*","*","*","*","5.4","7.48","*","*","*","*","*","*","*","*","*","*","*","dry","8","dry","0.509673493826951","70.7488624766374","North"
"0","0","0","*","*","*","*","*","*","0","0","0","0","*","0","*","0","*","dry","8","dry","0.509673493826951","70.7488624766374","North"
"*","*","*","*","*","8","7.47","*","*","*","*","*","*","*","*","*","*","*","dry","8","dry","0.509673493826951","70.7488624766374","North"
"0","0","0","0","0","*","*","*","*","0","0","0","0","*","0","*","*","0","dry","8","dry","1.23730453849032","75.7775088363965","Sacramento"
"*","*","*","*","*","6.9","7.74","*","*","*","*","*","*","*","*","*","*","*","dry","8","dry","1.23730453849032","75.7775088363965","Sacramento"
"0","0","0","1.96","1.61","*","*","*","*","*","*","*","0","0","0","*","*","*","dry","9","dry","3.75003178987771","23.6553859878044","Confluence"
"*","*","*","*","*","8.2","7.59","*","23","*","*","*","*","*","*","*","*","*","dry","9","dry","3.75003178987771","23.6553859878044","Confluence"
"*","*","*","*","*","7.3","8.67","*","23.3","*","*","*","*","*","*","*","*","*","dry","9","dry","1.04929649883043","77.0399624764664","Central"
"0","0","*","*","*","*","*","*","*","0.66","*","*","*","*","*","*","*","*","dry","9","dry","1.04929649883043","77.0399624764664","Central"
"*","*","*","*","*","7.3","8.31","*","23.5","*","*","*","*","*","*","*","*","*","dry","9","dry","1.04929649883043","77.0399624764664","Central"
"*","*","*","*","*","8.3","8.6","*","24.5","*","*","*","*","*","*","*","*","*","dry","9","dry","1.04929649883043","77.0399624764664","Central"
"*","*","*","*","*","8","8.22","*","23.3","*","*","*","*","*","*","*","*","*","dry","9","dry","1.04929649883043","77.0399624764664","Central"
"*","*","*","*","*","8.5","8.42","*","24.7","*","*","*","*","*","*","*","*","*","dry","9","dry","1.04929649883043","77.0399624764664","Central"
"*","*","*","*","*","7.5","8.21","*","22.7","*","*","*","*","*","*","*","*","*","dry","9","dry","1.04929649883043","77.0399624764664","Central"
"*","*","*","*","*","8.3","7.92","*","23.3","*","*","*","*","*","*","*","*","*","dry","9","dry","1.04929649883043","77.0399624764664","Central"
"*","*","*","*","*","8.3","8.48","*","24.5","*","*","*","*","*","*","*","*","*","dry","9","dry","1.04929649883043","77.0399624764664","Central"
"*","*","*","*","*","8.1","7.91","*","22.6","*","*","*","*","*","*","*","*","*","dry","9","dry","1.04929649883043","77.0399624764664","Central"
"*","*","*","*","*","8.5","7.99","*","24.7","*","*","*","*","*","*","*","*","*","dry","9","dry","1.04929649883043","77.0399624764664","Central"
"*","*","*","*","*","8.2","8.33","*","24.5","*","*","*","*","*","*","*","*","*","dry","9","dry","1.04929649883043","77.0399624764664","Central"
"*","*","*","*","*","8","8.23","*","23.4","*","*","*","*","*","*","*","*","*","dry","9","dry","1.04929649883043","77.0399624764664","Central"
"*","*","*","*","*","8","8.72","*","22.3","*","*","*","*","*","*","*","*","*","dry","9","dry","2.91281818727451","74.5294129415609","South"
"0","0","0","*","*","*","*","*","*","0","0","0","0","*","0","*","*","*","dry","9","dry","1.04929649883043","77.0399624764664","Central"
"0","0","0","*","*","*","*","*","*","0","0","0","0","*","0","*","*","*","dry","9","dry","1.04929649883043","77.0399624764664","Central"
"0","0","0","*","*","*","*","*","*","0","0","0","0","*","0","*","0","*","dry","9","dry","0.509673493826951","70.7488624766374","North"
"0","0","0","*","*","*","*","*","*","0","0","0","0","*","0","*","*","*","dry","9","dry","1.23730453849032","75.7775088363965","Sacramento"
"0","0","0","*","*","*","*","*","*","0","0","0","0","*","0","*","0","*","wet","10","wet","0.509673493826951","70.7488624766374","North"
"0","0","0","*","*","*","*","*","*","0","0","0","0","*","0","*","0","*","wet","10","wet","0.509673493826951","70.7488624766374","North"
"0","0","0","*","*","*","*","*","*","0","0","0","0","*","0","*","0","*","wet","10","wet","0.509673493826951","70.7488624766374","North"
"0","0","0","*","*","*","*","*","*","0","0","0","0","*","0","*","*","*","wet","10","wet","0.509673493826951","70.7488624766374","North"
"0","0","0","0","0","*","*","*","*","0","0","0","0","*","0","*","0","0","wet","10","wet","1.04929649883043","77.0399624764664","Central"
"0","0","0","0","0","*","*","*","*","0","0","0","0","*","0","*","*","0","wet","10","wet","1.04929649883043","77.0399624764664","Central"
"0","0","0","0","0","*","*","*","*","0","0","0","0","*","0","*","0","0","wet","10","wet","0.509673493826951","70.7488624766374","North"
"0","0","0","*","*","*","*","*","*","0","0","0","0","*","0","*","0","*","wet","10","wet","0.509673493826951","70.7488624766374","North"
"0","0","0","0","0","*","*","*","*","0","0","0","0","*","0","*","*","0","wet","10","wet","1.23730453849032","75.7775088363965","Sacramento"
"0","0","0","0","0","*","*","*","*","0","0","0","0","*","0","*","*","0","wet","11","wet","1.04929649883043","77.0399624764664","Central"
"0","0","0","0","0","*","*","*","*","0","0","0","0","*","0","*","*","0","wet","11","wet","1.04929649883043","77.0399624764664","Central"
"0","0","0","1.31","1.93","*","*","*","*","*","*","*","0","0","0","*","*","*","wet","11","wet","3.75003178987771","23.6553859878044","Confluence"
"*","*","*","*","*","8.95","7.72","*","22.9","*","*","*","*","*","*","*","*","*","wet","11","wet","3.75003178987771","23.6553859878044","Confluence"
"0","0","0","0","0","*","*","*","*","0","0","0","0","*","0","*","*","0","wet","11","wet","0.509673493826951","70.7488624766374","North"
"0","0","0","*","*","*","*","*","*","0","0","0","0","*","0","*","*","*","wet","11","wet","0.509673493826951","70.7488624766374","North"
"0","0","0","0","0","*","*","*","*","0","0","0","0","*","0","*","*","0","wet","11","wet","1.23730453849032","75.7775088363965","Sacramento"
"0","0","0","*","*","*","*","*","*","0","0","0","0","*","0","*","*","*","wet","12","wet","1.04929649883043","77.0399624764664","Central"
"0","0","0","*","*","*","*","*","*","0","0","0","0","*","0","*","0","*","wet","12","wet","1.04929649883043","77.0399624764664","Central"
"0","0","0","*","*","*","*","*","*","0","0","0","0","*","0","*","*","*","wet","12","wet","0.509673493826951","70.7488624766374","North"
"0","0","0","*","*","*","*","*","*","0","0","0","0","*","0","*","*","*","wet","12","wet","1.23730453849032","75.7775088363965","Sacramento"
"0","0","0","0","0","*","*","*","*","0","0","0","0","*","0","*","0","0","wet","1","wet","1.04929649883043","77.0399624764664","Central"
"0","0","0","0","0","*","*","*","*","0","0","0","0","*","0","*","*","0","wet","1","wet","1.04929649883043","77.0399624764664","Central"
"0","0","0","0","0","*","*","*","*","0","0","0","0","*","0","*","*","0","wet","1","wet","0.509673493826951","70.7488624766374","North"
"0","0","0","*","*","*","*","*","*","0","0","0","0","*","0","*","0","*","wet","1","wet","0.509673493826951","70.7488624766374","North"
"0","0","0","0","0","*","*","*","*","0","0","0","0","*","0","*","*","0","wet","1","wet","1.23730453849032","75.7775088363965","Sacramento"
"4.48","0","0.881","1.87","3.12","*","*","*","*","*","*","*","0","0","0","*","*","*","wet","2","wet","3.75003178987771","23.6553859878044","Confluence"
"*","*","*","*","*","7.35","7.35","*","22.2","*","*","*","*","*","*","*","*","*","wet","2","wet","3.75003178987771","23.6553859878044","Confluence"
"0","0","0","0","0","*","*","*","*","0","0","0","0","*","0","*","*","0","dry","2","dry","1.04929649883043","77.0399624764664","Central"
"0","0","0","0","0","*","*","*","*","0","0","0","0","*","0","*","*","0","dry","2","dry","1.04929649883043","77.0399624764664","Central"
"0","0","0","0","0","*","*","*","*","0","0","0","0","*","0","*","*","0","dry","2","wet","0.509673493826951","70.7488624766374","North"
"0","0","0","*","*","*","*","*","*","0","0","0","0","*","0","*","*","*","dry","2","wet","0.509673493826951","70.7488624766374","North"
"0","0","0","0","0","*","*","*","*","0","0","0","0","*","0","*","*","0","dry","2","dry","1.23730453849032","75.7775088363965","Sacramento"
"0","0","0","*","*","*","*","*","*","0","0","0","0","*","0","*","*","*","wet","3","wet","1.04929649883043","77.0399624764664","Central"
"0","0","0","*","*","*","*","*","*","0","0","0","0","*","0","*","0","*","wet","3","wet","1.04929649883043","77.0399624764664","Central"
"0","0","0","*","*","*","*","*","*","0","0","0","0","*","0","*","*","*","wet","3","wet","0.509673493826951","70.7488624766374","North"
"0","0","0","*","*","*","*","*","*","0","0","0","0","*","0","*","*","*","wet","3","wet","1.23730453849032","75.7775088363965","Sacramento"
"*","*","*","*","*","7.6","8.59","*","22.9","*","*","*","*","*","*","*","*","*","wet","4","wet","1.04929649883043","77.0399624764664","Central"
"0","0","*","*","*","*","*","*","*","0","*","*","*","*","*","*","*","*","wet","4","wet","1.04929649883043","77.0399624764664","Central"
"*","*","*","*","*","8","7.97","*","22.4","*","*","*","*","*","*","*","*","*","wet","4","wet","1.04929649883043","77.0399624764664","Central"
"*","*","*","*","*","7.1","8.45","*","22.6","*","*","*","*","*","*","*","*","*","wet","4","wet","1.04929649883043","77.0399624764664","Central"
"*","*","*","*","*","7.9","8.12","*","22.3","*","*","*","*","*","*","*","*","*","wet","4","wet","1.04929649883043","77.0399624764664","Central"
"0","0","0","0","0","*","*","*","*","0","0","0","0","*","0","*","*","0","wet","4","wet","1.04929649883043","77.0399624764664","Central"
"*","*","*","*","*","7.3","8.4","*","22.6","*","*","*","*","*","*","*","*","*","wet","4","wet","1.04929649883043","77.0399624764664","Central"
"*","*","*","*","*","7.7","7.94","*","22.4","*","*","*","*","*","*","*","*","*","wet","4","wet","1.04929649883043","77.0399624764664","Central"
"*","*","*","*","*","7.6","8.25","*","22.7","*","*","*","*","*","*","*","*","*","wet","4","wet","1.04929649883043","77.0399624764664","Central"
"*","*","*","*","*","8","7.99","*","22.9","*","*","*","*","*","*","*","*","*","wet","4","wet","1.04929649883043","77.0399624764664","Central"
"*","*","*","*","*","8","7.83","*","22.3","*","*","*","*","*","*","*","*","*","wet","4","wet","1.04929649883043","77.0399624764664","Central"
"*","*","*","*","*","7.8","8.17","*","22.7","*","*","*","*","*","*","*","*","*","wet","4","wet","1.04929649883043","77.0399624764664","Central"
"*","*","*","*","*","7.8","8.15","*","23","*","*","*","*","*","*","*","*","*","wet","4","wet","1.04929649883043","77.0399624764664","Central"
"0","0","0","0","0","*","*","*","*","0","0","0","0","*","0","*","*","0","wet","4","wet","1.04929649883043","77.0399624764664","Central"
"*","*","*","*","*","8","8.37","*","23","*","*","*","*","*","*","*","*","*","dry","4","wet","3.75003178987771","23.6553859878044","Confluence"
"0","0","0","0","0","*","*","*","*","0","0","0","0","*","0","*","*","0","dry","4","wet","0.509673493826951","70.7488624766374","North"
"0","0","0","*","*","*","*","*","*","0","0","0","0","*","0","*","*","*","dry","4","wet","0.509673493826951","70.7488624766374","North"
"*","*","*","*","*","8.2","7.72","*","*","*","*","*","*","*","*","*","*","*","dry","4","wet","0.509673493826951","70.7488624766374","North"
"*","*","*","*","*","9.2","7.72","*","*","*","*","*","*","*","*","*","*","*","wet","4","wet","1.23730453849032","75.7775088363965","Sacramento"
"0","0","0","0","0","*","*","*","*","0","0","0","0","*","0","*","0","0","wet","4","wet","1.23730453849032","75.7775088363965","Sacramento"
"*","*","*","*","*","8","8.52","*","22.7","*","*","*","*","*","*","*","*","*","wet","4","wet","2.91281818727451","74.5294129415609","South"
"0","0","0","*","*","*","*","*","*","0","0","0","0","*","0","*","*","*","wet","5","dry","1.23730453849032","75.7775088363965","Sacramento"
"0","0","0","*","*","*","*","*","*","0","0","0","0","*","0","*","*","*","wet","5","dry","1.23730453849032","75.7775088363965","Sacramento"
"0","0","0","*","*","*","*","*","*","0","0","0","0","*","0","*","0","*","wet","5","dry","1.23730453849032","75.7775088363965","Sacramento"
"0","0","0","*","*","*","*","*","*","0","0","0","0","*","0","*","*","*","wet","5","dry","1.23730453849032","75.7775088363965","Sacramento"
"0","0","0","*","*","*","*","*","*","0","0","0","0","*","0","*","*","*","wet","5","dry","1.23730453849032","75.7775088363965","Sacramento"
"0","0","0","*","*","*","*","*","*","0","0","0","0","*","0","*","*","*","wet","5","dry","1.23730453849032","75.7775088363965","Sacramento"
"0","0","0","0","0","*","*","*","*","0","0","0","0","*","0","*","*","0","dry","5","dry","1.04929649883043","77.0399624764664","Central"
"0","0","0","0","0","*","*","*","*","0","0","0","0","*","0","*","0","0","dry","5","dry","1.04929649883043","77.0399624764664","Central"
"0","0","0","0","0","*","*","*","*","0","0","0","0","*","0","*","0","0","dry","5","dry","0.509673493826951","70.7488624766374","North"
"0","0","0","*","*","*","*","*","*","0","0","0","0","*","0","*","*","*","dry","5","dry","0.509673493826951","70.7488624766374","North"
"0","0","0","0","0","*","*","*","*","0","0","0","0","*","0","*","*","0","dry","5","dry","1.23730453849032","75.7775088363965","Sacramento"
"3.62","0","0","1.17","1.41","*","*","*","*","*","*","*","0","0","*","*","*","*","dry","5","dry","3.75003178987771","23.6553859878044","Confluence"
"*","*","*","*","*","6.86","7.63","*","23.2","*","*","*","*","*","*","*","*","*","dry","5","dry","3.75003178987771","23.6553859878044","Confluence"
"0","0","0","*","*","*","*","*","*","0","0","0","0","*","0","*","*","*","dry","6","dry","1.04929649883043","77.0399624764664","Central"
"0","0","0","*","*","*","*","*","*","0","0","0","0","*","0","*","0","*","dry","6","dry","1.04929649883043","77.0399624764664","Central"
"0","0","0","*","*","*","*","*","*","0","0","0","0","*","0","*","*","*","dry","6","dry","0.509673493826951","70.7488624766374","North"
"0","0","0","*","*","*","*","*","*","0","0","0","0","*","0","*","0","*","dry","6","dry","1.23730453849032","75.7775088363965","Sacramento"
"0","0","0","*","*","*","*","*","*","0","0","0","0","*","0","*","0","*","dry","7","dry","1.04929649883043","77.0399624764664","Central"
"0","0","0","*","*","*","*","*","*","0","0","0","0","*","0","*","*","*","dry","7","dry","1.04929649883043","77.0399624764664","Central"
"0","*","*","*","*","*","*","*","*","*","*","*","*","*","*","*","*","*","dry","7","dry","0.509673493826951","70.7488624766374","North"
"0","0","0","*","*","*","*","*","*","0","0","0","0","*","0","*","*","*","dry","7","dry","0.509673493826951","70.7488624766374","North"
"0","0","0","*","*","*","*","*","*","0","0","0","0","*","0","*","*","*","dry","7","dry","1.23730453849032","75.7775088363965","Sacramento"
"0","0","0","0","1.52","*","*","*","*","*","*","*","0","0","*","*","*","*","dry","7","dry","3.75003178987771","23.6553859878044","Confluence"
"*","*","*","*","*","7.15","7.52","*","23.2","*","*","*","*","*","*","*","*","*","dry","7","dry","3.75003178987771","23.6553859878044","Confluence"
"*","*","*","*","*","6.63","7.66","*","23.2","*","*","*","*","*","*","*","*","*","dry","7","dry","1.04929649883043","77.0399624764664","Central"
"0","0","*","*","*","*","*","*","*","0","0","0","*","*","*","*","*","*","dry","7","dry","1.04929649883043","77.0399624764664","Central"
"*","*","*","*","*","7.06","7.9","*","23.4","*","*","*","*","*","*","*","*","*","dry","7","dry","3.75003178987771","23.6553859878044","Confluence"
"12.8","0","0","0","0","*","*","*","*","*","*","*","0","0","*","*","*","*","dry","7","dry","3.75003178987771","23.6553859878044","Confluence"
"0","0","0","*","*","*","*","*","*","0","0","0","0","*","0","*","0","*","dry","7","dry","0.509673493826951","70.7488624766374","North"
"0","0","0","*","*","*","*","*","*","0","0","0","0","*","0","*","*","*","dry","7","dry","0.509673493826951","70.7488624766374","North"
"0","0","0","*","*","*","*","*","*","0","0","0","0","*","0","*","*","*","dry","8","dry","0.509673493826951","70.7488624766374","North"
"0","0","0","*","*","*","*","*","*","0","0","0","0","*","0","*","0","*","dry","8","dry","0.509673493826951","70.7488624766374","North"
"0","0","0","*","*","*","*","*","*","0","0","0","0","*","0","*","*","*","dry","8","dry","0.509673493826951","70.7488624766374","North"
"0","0","0","*","*","*","*","*","*","0","0","0","0","*","0","*","*","*","dry","8","dry","0.509673493826951","70.7488624766374","North"
"*","*","*","*","*","6.7","7.82","*","*","*","*","*","*","*","*","*","*","*","dry","8","dry","0.509673493826951","70.7488624766374","North"
"0","0","0","*","*","*","*","*","*","0","0","0","0","*","0","*","*","*","dry","8","dry","1.04929649883043","77.0399624764664","Central"
"0","0","0","*","*","*","*","*","*","0","0","0","0","*","0","*","*","*","dry","8","dry","1.04929649883043","77.0399624764664","Central"
"0","*","*","*","*","*","*","*","*","*","*","*","*","*","*","*","*","*","dry","8","dry","0.509673493826951","70.7488624766374","North"
"0","0","0","*","*","*","*","*","*","0","0","0","0","*","0","*","0","*","dry","8","dry","0.509673493826951","70.7488624766374","North"
"0","0","0","*","*","*","*","*","*","0","0","0","0","*","0","*","*","*","dry","8","dry","1.23730453849032","75.7775088363965","Sacramento"
"*","*","*","*","*","8","8.3","*","22.7","*","*","*","*","*","*","*","*","*","dry","9","dry","1.04929649883043","77.0399624764664","Central"
"*","*","*","*","*","8.1","8.27","*","22.8","*","*","*","*","*","*","*","*","*","dry","9","dry","1.04929649883043","77.0399624764664","Central"
"*","*","*","*","*","8.3","7.68","*","22.6","*","*","*","*","*","*","*","*","*","dry","9","dry","1.04929649883043","77.0399624764664","Central"
"*","*","*","*","*","8","7.83","*","23","*","*","*","*","*","*","*","*","*","dry","9","dry","1.04929649883043","77.0399624764664","Central"
"0","0","0","*","*","*","*","*","*","0","0","0","0","*","0","*","*","*","dry","9","dry","1.04929649883043","77.0399624764664","Central"
"*","*","*","*","*","8.3","8.25","*","22.6","*","*","*","*","*","*","*","*","*","dry","9","dry","1.04929649883043","77.0399624764664","Central"
"*","*","*","*","*","7.9","8.38","*","22.6","*","*","*","*","*","*","*","*","*","dry","9","dry","1.04929649883043","77.0399624764664","Central"
"*","*","*","*","*","7.2","8.47","*","22.3","*","*","*","*","*","*","*","*","*","dry","9","dry","1.04929649883043","77.0399624764664","Central"
"*","*","*","*","*","8.3","8.28","*","22.5","*","*","*","*","*","*","*","*","*","dry","9","dry","1.04929649883043","77.0399624764664","Central"
"*","*","*","*","*","8.4","8.29","*","22.4","*","*","*","*","*","*","*","*","*","dry","9","dry","1.04929649883043","77.0399624764664","Central"
"*","*","*","*","*","8.3","8.24","*","22.6","*","*","*","*","*","*","*","*","*","dry","9","dry","1.04929649883043","77.0399624764664","Central"
"*","*","*","*","*","7.3","8.42","*","22.7","*","*","*","*","*","*","*","*","*","dry","9","dry","1.04929649883043","77.0399624764664","Central"
"0","0","0","*","*","*","*","*","*","0","0","0","0","*","0","*","*","*","dry","9","dry","1.04929649883043","77.0399624764664","Central"
"0","*","*","*","*","*","*","*","*","*","*","*","*","*","*","*","*","*","dry","9","dry","0.509673493826951","70.7488624766374","North"
"0","0","0","*","*","*","*","*","*","0","0","0","0","*","0","*","*","*","dry","9","dry","0.509673493826951","70.7488624766374","North"
"*","*","*","*","*","8.1","6.6","*","*","*","*","*","*","*","*","*","*","*","dry","9","dry","1.23730453849032","75.7775088363965","Sacramento"
"0","0","0","*","*","*","*","*","*","0","0","0","0","*","0","*","0","*","dry","9","dry","1.23730453849032","75.7775088363965","Sacramento"
"*","*","*","*","*","8","8.1","*","22","*","*","*","*","*","*","*","*","*","dry","9","dry","2.91281818727451","74.5294129415609","South"
"0","0","0","*","*","*","*","*","*","0","0","0","0","*","0","*","*","*","wet","10","wet","1.04929649883043","77.0399624764664","Central"
"0","0","0","*","*","*","*","*","*","0","0","0","0","*","0","*","*","*","wet","10","wet","1.04929649883043","77.0399624764664","Central"
"0","0","0","*","*","*","*","*","*","0","0","0","0","*","0","*","0","*","wet","10","wet","0.509673493826951","70.7488624766374","North"
"0","0","0","*","*","*","*","*","*","0","0","0","0","*","0","*","*","*","wet","10","wet","1.23730453849032","75.7775088363965","Sacramento"
"0","0","0","1.64","1.54","*","*","*","*","*","*","*","0","0","*","*","*","*","wet","10","wet","3.75003178987771","23.6553859878044","Confluence"
"*","*","*","*","*","7.75","7.18","*","22.4","*","*","*","*","*","*","*","*","*","wet","10","wet","3.75003178987771","23.6553859878044","Confluence"
"0","0","0","*","*","*","*","*","*","0","0","0","0","*","0","*","0","*","wet","10","wet","1.23730453849032","75.7775088363965","Sacramento"
"0","0","0","*","*","*","*","*","*","0","0","0","0","*","0","*","*","*","wet","10","wet","1.23730453849032","75.7775088363965","Sacramento"
"0","0","0","*","*","*","*","*","*","0","0","0","0","*","0","*","0","*","wet","10","wet","1.23730453849032","75.7775088363965","Sacramento"
"0","0","0","*","*","*","*","*","*","0","0","0","0","*","0","*","0","*","wet","10","wet","1.23730453849032","75.7775088363965","Sacramento"
"0","0","0","*","*","*","*","*","*","0","0","0","0","*","0","*","0","*","wet","10","wet","1.23730453849032","75.7775088363965","Sacramento"
"0","0","0","*","*","*","*","*","*","0","0","0","0","*","0","*","0","*","wet","10","wet","1.23730453849032","75.7775088363965","Sacramento"
"0","0","0","0","0","*","*","*","*","0","0","0","0","*","0","*","*","0","dry","11","wet","1.04929649883043","77.0399624764664","Central"
"0","0","0","0","0","*","*","*","*","0","0","0","0","*","0","*","0","0","dry","11","wet","1.04929649883043","77.0399624764664","Central"
"0","0","0","0","0","*","*","*","*","0","0","0","0","*","0","*","*","0","dry","11","wet","0.509673493826951","70.7488624766374","North"
"0","0","0","*","*","*","*","*","*","0","0","0","0","*","0","*","*","*","dry","11","wet","0.509673493826951","70.7488624766374","North"
"0","0","0","0","0","*","*","*","*","0","0","0","0","*","0","*","0","0","dry","11","wet","1.23730453849032","75.7775088363965","Sacramento"
"0","0","0","*","*","*","*","*","*","0","0","0","0","*","0","*","*","*","wet","12","wet","1.04929649883043","77.0399624764664","Central"
"0","0","0","*","*","*","*","*","*","0","0","0","0","*","0","*","0","*","wet","12","wet","1.04929649883043","77.0399624764664","Central"
"0","0","0","*","*","*","*","*","*","0","0","0","0","*","0","*","0","*","wet","12","wet","0.509673493826951","70.7488624766374","North"
"0","0","0","*","*","*","*","*","*","0","0","0","0","*","0","*","*","*","wet","12","wet","1.23730453849032","75.7775088363965","Sacramento"
"0","0","0","0","0","*","*","*","*","0","0","0","0","*","0","*","0","0","wet","1","wet","1.04929649883043","77.0399624764664","Central"
"0","0","0","0","0","*","*","*","*","0","0","0","0","*","0","*","*","0","wet","1","wet","1.04929649883043","77.0399624764664","Central"
"0","0","0","0","0","*","*","*","*","0","0","0","0","*","0","*","*","0","wet","1","wet","0.509673493826951","70.7488624766374","North"
"0","0","0","*","*","*","*","*","*","0","0","0","0","*","0","*","*","*","wet","1","wet","0.509673493826951","70.7488624766374","North"
"0","0","0","0","0","*","*","*","*","0","0","0","0","*","0","*","*","0","wet","1","wet","1.23730453849032","75.7775088363965","Sacramento"
"3.38","0","0","1.4","2.12","*","*","*","*","*","*","*","0","0","*","*","*","*","wet","1","wet","3.75003178987771","23.6553859878044","Confluence"
"*","*","*","*","*","7.71","7.24","*","21.6","*","*","*","*","*","*","*","*","*","wet","1","wet","3.75003178987771","23.6553859878044","Confluence"
"0","0","0","*","*","*","*","*","*","0","0","0","0","*","0","*","*","*","wet","2","wet","1.04929649883043","77.0399624764664","Central"
"0","0","0","*","*","*","*","*","*","0","0","0","0","*","0","*","*","*","wet","2","wet","1.04929649883043","77.0399624764664","Central"
"0","0","0","*","*","*","*","*","*","0","0","0","0","*","0","*","*","*","wet","2","wet","0.509673493826951","70.7488624766374","North"
"0","0","0","*","*","*","*","*","*","0","0","0","0","*","0","*","*","*","wet","2","wet","1.23730453849032","75.7775088363965","Sacramento"
"0","0","0","*","*","*","*","*","*","0","0","0","0","*","0","*","*","*","dry","3","wet","1.04929649883043","77.0399624764664","Central"
"0","0","0","*","*","*","*","*","*","0","0","0","0","*","0","*","0","*","dry","3","wet","1.04929649883043","77.0399624764664","Central"
"0","0","0","*","*","*","*","*","*","0","0","0","0","*","0","*","*","*","dry","3","wet","0.509673493826951","70.7488624766374","North"
"0","0","0","*","*","*","*","*","*","0","0","0","0","*","0","*","0","*","wet","3","wet","1.23730453849032","75.7775088363965","Sacramento"
"*","*","*","*","*","8.2","8.4","*","22.1","*","*","*","*","*","*","*","*","*","wet","3","wet","1.04929649883043","77.0399624764664","Central"
"*","*","*","*","*","8.2","8.14","*","21.9","*","*","*","*","*","*","*","*","*","wet","3","wet","1.04929649883043","77.0399624764664","Central"
"*","*","*","*","*","8.3","8.07","*","21.9","*","*","*","*","*","*","*","*","*","wet","3","wet","1.04929649883043","77.0399624764664","Central"
"*","*","*","*","*","7.8","8.45","*","22.2","*","*","*","*","*","*","*","*","*","wet","3","wet","1.04929649883043","77.0399624764664","Central"
"*","*","*","*","*","8.3","8.46","*","21.9","*","*","*","*","*","*","*","*","*","wet","3","wet","1.04929649883043","77.0399624764664","Central"
"*","*","*","*","*","8.4","8.18","*","21.9","*","*","*","*","*","*","*","*","*","wet","3","wet","3.75003178987771","23.6553859878044","Confluence"
"*","*","*","*","*","8.1","8.43","*","21.7","*","*","*","*","*","*","*","*","*","wet","3","wet","2.91281818727451","74.5294129415609","South"
"*","*","*","*","*","5.5","7.47","*","*","*","*","*","*","*","*","*","*","*","wet","4","wet","0.509673493826951","70.7488624766374","North"
"0","0","0","0","0","*","*","*","*","0","0","0","0","*","0","*","0","0","wet","4","wet","1.04929649883043","77.0399624764664","Central"
"0","0","0","0","0","*","*","*","*","0","0","0","0","*","0","*","*","0","wet","4","wet","1.04929649883043","77.0399624764664","Central"
"0","0","0","0","0","*","*","*","*","0","0","0","0","*","0","*","*","0","wet","4","wet","0.509673493826951","70.7488624766374","North"
"0","0","0","*","*","*","*","*","*","0","0","0","0","*","0","*","*","*","wet","4","wet","0.509673493826951","70.7488624766374","North"
"0","0","0","0","0","*","*","*","*","0","0","0","0","*","0","*","0","0","wet","4","wet","1.23730453849032","75.7775088363965","Sacramento"
"2.33","0.813","0.552","1.12","1","*","*","*","*","0","0","*","0","*","*","*","*","*","dry","5","dry","3.75003178987771","23.6553859878044","Confluence"
"*","*","*","*","*","6.34","7.6","*","22.6","*","*","*","*","*","*","*","*","*","dry","5","dry","3.75003178987771","23.6553859878044","Confluence"
"0","0","0","0","0","*","*","*","*","0","0","0","0","*","0","*","*","0","dry","5","dry","1.04929649883043","77.0399624764664","Central"
"0","0","0","0","0","*","*","*","*","0","0","0","0","*","0","*","0","0","dry","5","dry","1.04929649883043","77.0399624764664","Central"
"0","0","0","0","0","*","*","*","*","0","0","0","0","*","0","*","0","0","dry","5","dry","0.509673493826951","70.7488624766374","North"
"0","0","0","*","*","*","*","*","*","0","0","0","0","*","0","*","*","*","dry","5","dry","0.509673493826951","70.7488624766374","North"
"0","0","0","0","0","*","*","*","*","0","0","0","0","*","0","*","*","0","dry","5","dry","1.23730453849032","75.7775088363965","Sacramento"
"0","0","0","*","*","*","*","*","*","0","0","0","0","*","0","*","*","*","wet","6","dry","1.04929649883043","77.0399624764664","Central"
"0","0","0","*","*","*","*","*","*","0","0","0","0","*","0","*","*","*","wet","6","dry","1.04929649883043","77.0399624764664","Central"
"0","0","0","*","*","*","*","*","*","0","0","0","0","*","0","*","*","*","wet","6","dry","0.509673493826951","70.7488624766374","North"
"0","0","0","*","*","*","*","*","*","0","0","0","0","*","0","*","*","*","wet","6","dry","1.23730453849032","75.7775088363965","Sacramento"
"0","0","0","*","*","*","*","*","*","0","0","0","0","*","0","*","*","*","dry","6","dry","0.509673493826951","70.7488624766374","North"
"0","0","0","*","*","*","*","*","*","0","0","0","0","*","0","*","*","*","dry","6","dry","0.509673493826951","70.7488624766374","North"
"0","0","0","*","*","*","*","*","*","0","0","0","0","*","0","*","*","*","dry","6","dry","0.509673493826951","70.7488624766374","North"
"*","*","*","*","*","7.7","7.62","*","23","*","*","*","*","*","*","*","*","*","dry","7","dry","3.75003178987771","23.6553859878044","Confluence"
"0.969","0.188","0.147","0.181","0.362","*","*","*","*","0.629","0","*","0","*","*","*","*","*","dry","7","dry","3.75003178987771","23.6553859878044","Confluence"
"1.99","0.104","0.192","0.424","0.573","*","*","*","*","0.394","0","*","0","*","*","*","*","*","dry","7","dry","3.75003178987771","23.6553859878044","Confluence"
"*","*","*","*","*","7.49","7.42","*","22.7","*","*","*","*","*","*","*","*","*","dry","7","dry","3.75003178987771","23.6553859878044","Confluence"
"*","*","*","*","*","7.56","7.5","*","22.7","*","*","*","*","*","*","*","*","*","dry","7","dry","1.23730453849032","75.7775088363965","Sacramento"
"0","0","*","*","*","*","*","*","*","0","0","*","*","*","*","*","*","*","dry","7","dry","1.23730453849032","75.7775088363965","Sacramento"
"0","0","0","*","*","*","*","*","*","0","0","0","0","*","0","*","*","*","dry","7","dry","0.509673493826951","70.7488624766374","North"
"0","0","0","*","*","*","*","*","*","0","0","0","0","*","0","*","*","*","dry","7","dry","0.509673493826951","70.7488624766374","North"
"0","0","0","*","*","*","*","*","*","0","0","0","0","*","0","*","*","*","dry","7","dry","0.509673493826951","70.7488624766374","North"
"0","0","0","*","*","*","*","*","*","0","0","0","0","*","0","*","*","*","dry","7","dry","0.509673493826951","70.7488624766374","North"
"0","0","0","*","*","*","*","*","*","0","0","0","0","*","0","*","0","*","dry","7","dry","0.509673493826951","70.7488624766374","North"
"0","0","0","*","*","*","*","*","*","0","0","0","0","*","0","*","0","*","dry","7","dry","0.509673493826951","70.7488624766374","North"
"0","0","0","*","*","*","*","*","*","0","0","0","0","*","0","*","*","*","dry","8","dry","0.509673493826951","70.7488624766374","North"
"0","0","0","*","*","*","*","*","*","0","0","0","0","*","0","*","*","*","dry","8","dry","0.509673493826951","70.7488624766374","North"
"0","0","0","*","*","*","*","*","*","0","0","0","0","*","0","*","*","*","dry","8","dry","0.509673493826951","70.7488624766374","North"
"0","0","0","*","*","*","*","*","*","0","0","0","0","*","0","*","0","*","dry","8","dry","1.23730453849032","75.7775088363965","Sacramento"
"0","0","0","*","*","*","*","*","*","0","0","0","0","*","0","*","*","*","dry","8","dry","0.509673493826951","70.7488624766374","North"
"0","0","0","*","*","*","*","*","*","0","0","0","0","*","0","*","*","*","dry","8","dry","0.509673493826951","70.7488624766374","North"
"0","0","0","*","*","*","*","*","*","0","0","0","0","*","0","*","*","*","dry","8","dry","0.509673493826951","70.7488624766374","North"
"0","0","0","*","*","*","*","*","*","0","0","0","0","*","0","*","0","*","dry","9","dry","1.23730453849032","75.7775088363965","Sacramento"
"0","0","0","*","*","*","*","*","*","0","0","0","0","*","0","*","0","*","dry","9","dry","0.509673493826951","70.7488624766374","North"
"0","0","0","*","*","*","*","*","*","0","0","0","0","*","0","*","*","*","dry","9","dry","0.509673493826951","70.7488624766374","North"
"0","0","0","*","*","*","*","*","*","0","0","0","0","*","0","*","*","*","dry","9","dry","0.509673493826951","70.7488624766374","North"
"*","*","*","*","*","8.2","8.55","*","22.5","*","*","*","*","*","*","*","*","*","dry","9","dry","1.04929649883043","77.0399624764664","Central"
"0","0","*","*","*","*","*","*","*","0","*","*","*","*","*","*","*","*","dry","9","dry","1.04929649883043","77.0399624764664","Central"
"*","*","*","*","*","6.8","8.25","*","22.1","*","*","*","*","*","*","*","*","*","dry","9","dry","1.04929649883043","77.0399624764664","Central"
"*","*","*","*","*","7.4","8.32","*","22.8","*","*","*","*","*","*","*","*","*","dry","9","dry","1.04929649883043","77.0399624764664","Central"
"*","*","*","*","*","7.4","8.38","*","22.4","*","*","*","*","*","*","*","*","*","dry","9","dry","1.04929649883043","77.0399624764664","Central"
"1.53","0.102","0.152","0.411","0.692","*","*","*","*","*","*","*","0","*","*","*","*","*","dry","9","dry","3.75003178987771","23.6553859878044","Confluence"
"*","*","*","*","*","7.26","7.76","*","23","*","*","*","*","*","*","*","*","*","dry","9","dry","3.75003178987771","23.6553859878044","Confluence"
"0","0","0","*","*","*","*","*","*","0","0","0","0","*","0","*","*","*","dry","9","dry","1.23730453849032","75.7775088363965","Sacramento"
"*","*","*","*","*","7.4","8.3","*","22.5","*","*","*","*","*","*","*","*","*","dry","9","dry","2.91281818727451","74.5294129415609","South"
"0","0","0","*","*","*","*","*","*","0","0","0","0","*","0","*","*","*","dry","9","dry","0.509673493826951","70.7488624766374","North"
"0","0","0","*","*","*","*","*","*","0","0","0","0","*","0","*","*","*","dry","9","dry","0.509673493826951","70.7488624766374","North"
"0","0","0","*","*","*","*","*","*","0","0","0","0","*","0","*","*","*","dry","9","dry","0.509673493826951","70.7488624766374","North"
"0","0","0","*","*","*","*","*","*","0","0","0","0","*","0","*","0","*","dry","10","dry","1.23730453849032","75.7775088363965","Sacramento"
"0","0","0","*","*","*","*","*","*","0","0","0","0","*","0","*","*","*","dry","10","dry","0.509673493826951","70.7488624766374","North"
"0","0","0","*","*","*","*","*","*","0","0","0","0","*","0","*","*","*","dry","10","dry","0.509673493826951","70.7488624766374","North"
"0","0","0","*","*","*","*","*","*","0","0","0","0","*","0","*","*","*","dry","10","dry","0.509673493826951","70.7488624766374","North"
"0","0","0","*","*","*","*","*","*","0","0","0","0","*","0","*","*","*","dry","10","dry","0.509673493826951","70.7488624766374","North"
"0","0","0","*","*","*","*","*","*","0","0","0","0","*","0","*","*","*","dry","10","dry","0.509673493826951","70.7488624766374","North"
"0","0","0","*","*","*","*","*","*","0","0","0","0","*","0","*","*","*","dry","10","dry","0.509673493826951","70.7488624766374","North"
"0","0","0","*","*","*","*","*","*","0","0","0","0","*","0","*","0","*","dry","10","dry","1.23730453849032","75.7775088363965","Sacramento"
"0","0","0","*","*","*","*","*","*","0","0","0","0","*","0","*","0","*","dry","11","dry","0.509673493826951","70.7488624766374","North"
"0","0","0","*","*","*","*","*","*","0","0","0","0","*","0","*","*","*","dry","11","dry","0.509673493826951","70.7488624766374","North"
"0","0","0","*","*","*","*","*","*","0","0","0","0","*","0","*","*","*","dry","11","dry","0.509673493826951","70.7488624766374","North"
"0","0","0","*","*","*","*","*","*","0","0","0","0","*","0","*","0","*","dry","11","dry","1.23730453849032","75.7775088363965","Sacramento"
"*","*","*","*","*","5.05","7.47","*","22.8","*","*","*","*","*","*","*","*","*","dry","2","dry","3.75003178987771","23.6553859878044","Confluence"
"*","*","*","*","*","7.2","7.86","*","22.2","*","*","*","*","*","*","*","*","*","wet","3","wet","1.04929649883043","77.0399624764664","Central"
"*","*","*","*","*","7.4","7.95","*","20.8","*","*","*","*","*","*","*","*","*","wet","3","wet","1.04929649883043","77.0399624764664","Central"
"*","*","*","*","*","8.2","7.89","*","21.5","*","*","*","*","*","*","*","*","*","wet","3","wet","1.04929649883043","77.0399624764664","Central"
"*","*","*","*","*","8.7","8.03","*","21.5","*","*","*","*","*","*","*","*","*","wet","3","wet","2.91281818727451","74.5294129415609","South"
"0.38","0.51","*","*","*","*","*","*","*","0","0","*","*","*","*","*","*","*","wet","4","wet","0.509673493826951","70.7488624766374","North"
"*","*","*","*","*","8.3","8.2","*","*","*","*","*","*","*","*","*","*","*","wet","4","wet","0.509673493826951","70.7488624766374","North"
"*","*","*","*","*","8.3","7.65","*","*","*","*","*","*","*","*","*","*","*","wet","4","wet","1.23730453849032","75.7775088363965","Sacramento"
"0","0","0.749","2.18","1.29","*","*","*","*","*","*","*","0","*","*","*","*","*","dry","5","dry","3.75003178987771","23.6553859878044","Confluence"
"*","*","*","*","*","7.82","7.73","*","22.2","*","*","*","*","*","*","*","*","*","dry","5","dry","3.75003178987771","23.6553859878044","Confluence"
"*","*","*","*","*","6.6","7.46","*","*","*","*","*","*","*","*","*","*","*","dry","5","dry","0.509673493826951","70.7488624766374","North"
"*","*","*","*","*","4.47","8.06","*","23.5","*","*","*","*","*","*","*","*","*","dry","6","dry","3.75003178987771","23.6553859878044","Confluence"
"0.973","0","0.399","0.452","0.936","*","*","*","*","*","*","*","0","*","*","*","*","*","dry","6","dry","3.75003178987771","23.6553859878044","Confluence"
"*","*","*","*","*","5.93","7.55","*","22.9","*","*","*","*","*","*","*","*","*","dry","7","dry","1.04929649883043","77.0399624764664","Central"
"0","0","*","*","*","*","*","*","*","*","*","*","*","*","*","*","*","*","dry","7","dry","1.04929649883043","77.0399624764664","Central"
"*","*","*","*","*","6.19","7.67","*","23","*","*","*","*","*","*","*","*","*","dry","7","dry","1.23730453849032","75.7775088363965","Sacramento"
"0","0","*","*","*","*","*","*","*","*","*","*","*","*","*","*","*","*","dry","7","dry","1.23730453849032","75.7775088363965","Sacramento"
"0","0","0","*","*","*","*","*","*","0","0","0","0","*","0","*","*","*","dry","7","dry","0.509673493826951","70.7488624766374","North"
"0","0","0","*","*","*","*","*","*","0","0","0","0","*","0","*","*","*","dry","7","dry","0.509673493826951","70.7488624766374","North"
"0","0","0","*","*","*","*","*","*","0","0","0","0","*","0","*","0","*","dry","7","dry","0.509673493826951","70.7488624766374","North"
"0","0","0","*","*","*","*","*","*","0","0","0","0","*","0","*","*","*","dry","7","dry","1.23730453849032","75.7775088363965","Sacramento"
"*","*","*","*","*","3.6","7.2","*","23.2","*","*","*","*","*","*","*","*","*","dry","7","dry","3.75003178987771","23.6553859878044","Confluence"
"0","0","*","*","*","*","*","*","*","*","*","*","*","*","*","*","*","*","dry","7","dry","0.509673493826951","70.7488624766374","North"
"0","0","0","*","*","*","*","*","*","0","0","0","0","*","0","*","*","*","dry","7","dry","1.23730453849032","75.7775088363965","Sacramento"
"0","0","0","*","*","*","*","*","*","0","0","0","0","*","0","*","*","*","dry","7","dry","0.509673493826951","70.7488624766374","North"
"0","0","0","*","*","*","*","*","*","0","0","0","0","*","0","*","*","*","dry","7","dry","0.509673493826951","70.7488624766374","North"
"0","0","0","*","*","*","*","*","*","0","0","0","0","*","0","*","*","*","dry","7","dry","0.509673493826951","70.7488624766374","North"
"0","0","0","*","*","*","*","*","*","0","0","0","0","*","0","*","*","*","dry","8","dry","0.509673493826951","70.7488624766374","North"
"0","0","0","*","*","*","*","*","*","0","0","0","0","*","0","*","*","*","dry","8","dry","0.509673493826951","70.7488624766374","North"
"0","0","0","*","*","*","*","*","*","0","0","0","0","*","0","*","0","*","dry","8","dry","0.509673493826951","70.7488624766374","North"
"0","0","0","*","*","*","*","*","*","0","0","0","0","*","0","*","*","*","dry","8","dry","1.23730453849032","75.7775088363965","Sacramento"
"*","*","0","0","0","*","*","*","*","*","*","*","0","*","*","*","*","*","dry","8","dry","0.214775911539171","1.72695653424549","Suisun"
"*","*","0","0","0","*","*","*","*","*","*","*","0","*","*","*","*","*","dry","8","dry","0.214775911539171","1.72695653424549","Suisun"
"*","*","0","0","0","*","*","*","*","*","*","*","0","*","*","*","*","*","dry","8","dry","0.214775911539171","1.72695653424549","Suisun"
"*","*","0","0","0","*","*","*","*","*","*","*","0","*","*","*","*","*","dry","8","dry","0.214775911539171","1.72695653424549","Suisun"
"*","*","0","0","0","*","*","*","*","*","*","*","0","*","*","*","*","*","dry","8","dry","0.214775911539171","1.72695653424549","Suisun"
"*","*","0","0","0","*","*","*","*","*","*","*","0","*","*","*","*","*","dry","8","dry","3.75003178987771","23.6553859878044","Confluence"
"0","0","0","*","*","*","*","*","*","0","0","0","0","*","0","*","*","*","dry","8","dry","0.509673493826951","70.7488624766374","North"
"0","0","0","*","*","*","*","*","*","0","0","0","0","*","0","*","0","*","dry","8","dry","0.509673493826951","70.7488624766374","North"
"0","0","0","*","*","*","*","*","*","0","0","0","0","*","0","*","*","*","dry","8","dry","0.509673493826951","70.7488624766374","North"
"0","0","0","*","*","*","*","*","*","0","0","0","0","*","0","*","*","*","dry","8","dry","1.23730453849032","75.7775088363965","Sacramento"
"0","0","0","*","*","*","*","*","*","0","0","0","0","*","0","*","0","*","dry","8","dry","0.509673493826951","70.7488624766374","North"
"0","0","0","*","*","*","*","*","*","0","0","0","0","*","0","*","0","*","dry","8","dry","0.509673493826951","70.7488624766374","North"
"0","0","0","*","*","*","*","*","*","0","0","0","0","*","0","*","*","*","dry","8","dry","0.509673493826951","70.7488624766374","North"
"0","0","0","*","*","*","*","*","*","0","0","0","0","*","0","*","*","*","dry","9","dry","0.509673493826951","70.7488624766374","North"
"0","0","0","*","*","*","*","*","*","0","0","0","0","*","0","*","*","*","dry","9","dry","0.509673493826951","70.7488624766374","North"
"0","0","0","*","*","*","*","*","*","0","0","0","0","*","0","*","0","*","dry","9","dry","0.509673493826951","70.7488624766374","North"
"0","0","0","*","*","*","*","*","*","0","0","0","0","*","0","*","*","*","dry","9","dry","1.23730453849032","75.7775088363965","Sacramento"
"*","*","*","*","*","7.1","8.13","*","24.3","*","*","*","*","*","*","*","*","*","dry","9","dry","1.04929649883043","77.0399624764664","Central"
"*","*","*","*","*","8.1","7.82","*","24.4","*","*","*","*","*","*","*","*","*","dry","9","dry","1.04929649883043","77.0399624764664","Central"
"*","*","*","*","*","8","8.21","*","20.8","*","*","*","*","*","*","*","*","*","dry","9","dry","2.91281818727451","74.5294129415609","South"
"0","0","0","*","*","*","*","*","*","0","0","0","0","*","0","*","*","*","dry","9","dry","0.509673493826951","70.7488624766374","North"
"0","0","0","*","*","*","*","*","*","0","0","0","0","*","0","*","0","*","dry","9","dry","0.509673493826951","70.7488624766374","North"
"0","0","0","*","*","*","*","*","*","0","0","0","0","*","0","*","*","*","dry","9","dry","0.509673493826951","70.7488624766374","North"
"0","0","0","*","*","*","*","*","*","0","0","0","0","*","0","*","0","*","dry","9","dry","1.23730453849032","75.7775088363965","Sacramento"
"0","0","0","*","*","*","*","*","*","0","0","0","0","*","0","*","0","*","wet","10","wet","0.509673493826951","70.7488624766374","North"
"0","0","0","*","*","*","*","*","*","0","0","0","0","*","0","*","*","*","wet","10","wet","0.509673493826951","70.7488624766374","North"
"0","0","0","*","*","*","*","*","*","0","0","0","0","*","0","*","0","*","wet","10","wet","0.509673493826951","70.7488624766374","North"
"0","0","0","*","*","*","*","*","*","0","0","0","0","*","0","*","*","*","wet","10","wet","1.23730453849032","75.7775088363965","Sacramento"
"*","*","*","*","*","6.22","7.97","*","23","*","*","*","*","*","*","*","*","*","dry","10","wet","3.75003178987771","23.6553859878044","Confluence"
"0","0","0","*","*","*","*","*","*","0","0","0","0","*","0","*","*","*","dry","10","dry","0.509673493826951","70.7488624766374","North"
"0","0","0","*","*","*","*","*","*","0","0","0","0","*","0","*","*","*","dry","10","dry","0.509673493826951","70.7488624766374","North"
"0","0","0","*","*","*","*","*","*","0","0","0","0","*","0","*","0","*","dry","10","dry","0.509673493826951","70.7488624766374","North"
"0","0","0","*","*","*","*","*","*","0","0","0","0","*","0","*","*","*","dry","10","dry","1.23730453849032","75.7775088363965","Sacramento"
"0","0","0","*","*","*","*","*","*","0","0","0","0","*","0","*","0","*","dry","11","dry","0.509673493826951","70.7488624766374","North"
"0","0","0","*","*","*","*","*","*","0","0","0","0","*","0","*","*","*","dry","11","dry","1.23730453849032","75.7775088363965","Sacramento"
"0","0","0","*","*","*","*","*","*","0","0","0","0","*","0","*","*","*","wet","12","wet","0.509673493826951","70.7488624766374","North"
"0","0","0","*","*","*","*","*","*","0","0","0","0","*","0","*","0","*","wet","12","wet","1.04929649883043","77.0399624764664","Central"
"0","0","0","*","*","*","*","*","*","0","0","0","0","*","0","*","0","*","wet","12","wet","0.509673493826951","70.7488624766374","North"
"0","0","0","*","*","*","*","*","*","0","0","0","0","*","0","*","0","*","wet","12","wet","0.509673493826951","70.7488624766374","North"
"0","0","0","*","*","*","*","*","*","0","0","0","0","*","0","*","*","*","wet","12","wet","1.23730453849032","75.7775088363965","Sacramento"
"0","0","0","*","*","*","*","*","*","0","0","0","0","*","0","*","*","*","wet","12","wet","1.23730453849032","75.7775088363965","Sacramento"
"0","0","0","*","*","*","*","*","*","0","0","0","0","*","0","*","*","*","wet","2","wet","0.509673493826951","70.7488624766374","North"
"0","0","0","*","*","*","*","*","*","0","0","0","0","*","0","*","*","*","wet","2","wet","0.509673493826951","70.7488624766374","North"
"0","0","0","*","*","*","*","*","*","0","0","0","0","*","0","*","*","*","wet","2","wet","0.509673493826951","70.7488624766374","North"
"0","0","0","*","*","*","*","*","*","0","0","0","0","*","0","*","*","*","wet","2","wet","0.509673493826951","70.7488624766374","North"
"0","0","0","*","*","*","*","*","*","0","0","0","0","*","0","*","*","*","wet","2","wet","0.509673493826951","70.7488624766374","North"
"0","0","0","*","*","*","*","*","*","0","0","0","0","*","0","*","0","*","wet","2","wet","1.04929649883043","77.0399624764664","Central"
"0","0","0","*","*","*","*","*","*","0","0","0","0","*","0","*","*","*","wet","2","wet","1.23730453849032","75.7775088363965","Sacramento"
"0","0","0","*","*","*","*","*","*","0","0","0","0","*","0","*","*","*","wet","2","wet","1.23730453849032","75.7775088363965","Sacramento"
"*","*","*","*","*","7.7","7.76","*","22.3","*","*","*","*","*","*","*","*","*","dry","3","wet","1.04929649883043","77.0399624764664","Central"
"*","*","*","*","*","7.8","8.2","*","23.4","*","*","*","*","*","*","*","*","*","dry","3","wet","1.04929649883043","77.0399624764664","Central"
"*","*","*","*","*","8.3","8.25","*","22.4","*","*","*","*","*","*","*","*","*","dry","3","wet","1.04929649883043","77.0399624764664","Central"
"*","*","*","*","*","7.6","8.29","*","23.3","*","*","*","*","*","*","*","*","*","dry","3","wet","1.04929649883043","77.0399624764664","Central"
"*","*","*","*","*","7.1","8.01","*","23.3","*","*","*","*","*","*","*","*","*","dry","3","wet","2.91281818727451","74.5294129415609","South"
"*","*","*","*","*","7.6","7.6","*","*","*","*","*","*","*","*","*","*","*","wet","4","dry","1.23730453849032","75.7775088363965","Sacramento"
"*","*","*","*","*","5.5","7.6","*","*","*","*","*","*","*","*","*","*","*","wet","4","wet","0.509673493826951","70.7488624766374","North"
"0","0","0","*","*","*","*","*","*","0","0","0","0","*","0","*","0","*","dry","4","wet","0.509673493826951","70.7488624766374","North"
"0","0","0","*","*","*","*","*","*","0","0","0","0","*","0","*","0","*","dry","4","wet","1.04929649883043","77.0399624764664","Central"
"0","0","0","*","*","*","*","*","*","0","0","0","0","*","0","*","*","*","dry","4","wet","0.509673493826951","70.7488624766374","North"
"0","0","0","*","*","*","*","*","*","0","0","0","0","*","0","*","*","*","dry","4","wet","0.509673493826951","70.7488624766374","North"
"0","0","0","*","*","*","*","*","*","0","0","0","0","*","0","*","0","*","dry","4","wet","0.509673493826951","70.7488624766374","North"
"0","0","0","*","*","*","*","*","*","0","0","0","0","*","0","*","*","*","dry","4","wet","0.509673493826951","70.7488624766374","North"
"0","0","0","*","*","*","*","*","*","0","0","0","0","*","0","*","*","*","dry","4","wet","1.23730453849032","75.7775088363965","Sacramento"
"0","0","0","*","*","*","*","*","*","0","0","0","0","*","0","*","0","*","dry","4","wet","1.23730453849032","75.7775088363965","Sacramento"
"*","*","*","*","*","3.79","7.55","*","22.9","*","*","*","*","*","*","*","*","*","wet","5","wet","3.75003178987771","23.6553859878044","Confluence"
"*","*","*","*","*","6.2","7.6","*","*","*","*","*","*","*","*","*","*","*","wet","5","wet","0.509673493826951","70.7488624766374","North"
"0","0","0","*","*","*","*","*","*","0","0","0","0","*","0","*","*","*","dry","6","dry","1.04929649883043","77.0399624764664","Central"
"0","0","0","*","*","*","*","*","*","0","0","0","0","*","0","*","0","*","dry","6","dry","0.509673493826951","70.7488624766374","North"
"0","0","0","*","*","*","*","*","*","0","0","0","0","*","0","*","*","*","dry","6","dry","1.23730453849032","75.7775088363965","Sacramento"
"0","0","0","*","*","*","*","*","*","0","0","0","0","*","0","*","*","*","dry","6","dry","0.509673493826951","70.7488624766374","North"
"0","0","0","*","*","*","*","*","*","0","0","0","0","*","0","*","*","*","dry","6","dry","0.509673493826951","70.7488624766374","North"
"0","0","0","*","*","*","*","*","*","0","0","0","0","*","0","*","*","*","dry","6","dry","0.509673493826951","70.7488624766374","North"
"0","0","0","*","*","*","*","*","*","0","0","0","0","*","0","*","*","*","dry","6","dry","0.509673493826951","70.7488624766374","North"
"0","0","0","*","*","*","*","*","*","0","0","0","0","*","0","*","*","*","dry","6","dry","1.23730453849032","75.7775088363965","Sacramento"
"*","*","*","*","*","5.8","8","*","22.6","*","*","*","*","*","*","*","*","*","dry","7","dry","3.75003178987771","23.6553859878044","Confluence"
"1.58","0","0.8","3.09","1.26","*","*","*","*","*","*","*","0","*","*","*","*","*","dry","7","dry","3.75003178987771","23.6553859878044","Confluence"
"*","*","*","*","*","7.08","7.2","*","22.5","*","*","*","*","*","*","*","*","*","dry","7","dry","1.23730453849032","75.7775088363965","Sacramento"
"0","0","*","*","*","*","*","*","*","*","*","*","*","*","*","*","*","*","dry","7","dry","1.23730453849032","75.7775088363965","Sacramento"
"*","*","*","*","*","5.46","7.47","*","23.1","*","*","*","*","*","*","*","*","*","dry","7","dry","1.04929649883043","77.0399624764664","Central"
"*","*","*","*","*","3.4","7.23","*","22.8","*","*","*","*","*","*","*","*","*","dry","7","dry","3.75003178987771","23.6553859878044","Confluence"
"0","0","0","*","*","*","*","*","*","0","0","0","0","*","0","*","*","*","dry","7","dry","1.04929649883043","77.0399624764664","Central"
"0","0","0","*","*","*","*","*","*","0","0","0","0","*","0","*","0","*","dry","7","dry","1.23730453849032","75.7775088363965","Sacramento"
"0","0","0","*","*","*","*","*","*","0","0","0","0","*","0","*","*","*","dry","7","dry","1.23730453849032","75.7775088363965","Sacramento"
"0","0","0","*","*","*","*","*","*","0","0","0","0","*","0","*","0","*","dry","7","dry","0.509673493826951","70.7488624766374","North"
"0","0","0","*","*","*","*","*","*","0","0","0","0","*","0","*","*","*","dry","7","dry","0.509673493826951","70.7488624766374","North"
"0","0","0","*","*","*","*","*","*","0","0","0","0","*","0","*","*","*","dry","7","dry","0.509673493826951","70.7488624766374","North"
"0","0","0","*","*","*","*","*","*","0","0","0","0","*","0","*","0","*","dry","7","dry","0.509673493826951","70.7488624766374","North"
"0","0","0","*","*","*","*","*","*","0","0","0","0","*","0","*","0","*","dry","7","dry","0.509673493826951","70.7488624766374","North"
"*","*","*","*","*","7.7","7.86","*","*","*","*","*","*","*","*","*","*","*","dry","8","dry","0.509673493826951","70.7488624766374","North"
"*","*","*","*","*","5","7.3","*","*","*","*","*","*","*","*","*","*","*","dry","8","dry","1.23730453849032","75.7775088363965","Sacramento"
"*","*","*","*","*","7.8","7.6","*","*","*","*","*","*","*","*","*","*","*","dry","8","dry","0.509673493826951","70.7488624766374","North"
"0","0","0","*","*","*","*","*","*","0","0","0","0","*","0","*","*","*","dry","9","dry","1.04929649883043","77.0399624764664","Central"
"0","0","0","*","*","*","*","*","*","0","0","0","0","*","0","*","*","*","dry","9","dry","0.509673493826951","70.7488624766374","North"
"0","0","0","*","*","*","*","*","*","0","0","0","0","*","0","*","0","*","dry","9","dry","1.23730453849032","75.7775088363965","Sacramento"
"*","*","*","*","*","8.4","8.62","*","23","*","*","*","*","*","*","*","*","*","wet","9","dry","1.04929649883043","77.0399624764664","Central"
"*","*","*","*","*","8.4","8.43","*","22","*","*","*","*","*","*","*","*","*","wet","9","dry","1.04929649883043","77.0399624764664","Central"
"0","0","0","*","*","*","*","*","*","0","0","0","0","*","0","*","*","*","wet","9","dry","0.509673493826951","70.7488624766374","North"
"0","0","0","*","*","*","*","*","*","0","0","0","0","*","0","*","*","*","wet","9","dry","0.509673493826951","70.7488624766374","North"
"0","0","0","*","*","*","*","*","*","0","0","0","0","*","0","*","*","*","wet","9","dry","0.509673493826951","70.7488624766374","North"
"0","0","0","*","*","*","*","*","*","0","0","0","0","*","0","*","0","*","wet","9","dry","0.509673493826951","70.7488624766374","North"
"0","0","0","*","*","*","*","*","*","0","0","0","0","*","0","*","*","*","wet","9","dry","1.23730453849032","75.7775088363965","Sacramento"
"*","*","*","*","*","7.5","7.98","*","24","*","*","*","*","*","*","*","*","*","wet","9","dry","2.91281818727451","74.5294129415609","South"
"*","*","*","*","*","7.6","8.16","*","23","*","*","*","*","*","*","*","*","*","wet","9","dry","3.75003178987771","23.6553859878044","Confluence"
